/*
Navicat MySQL Data Transfer

Source Server         : localhost
Source Server Version : 50716
Source Host           : localhost:3306
Source Database       : javaee

Target Server Type    : MYSQL
Target Server Version : 50716
File Encoding         : 65001

Date: 2017-05-28 00:58:37
*/

SET FOREIGN_KEY_CHECKS=0;

-- ----------------------------
-- Table structure for `brand`
-- ----------------------------
DROP TABLE IF EXISTS `brand`;
CREATE TABLE `brand` (
  `id` bigint(20) NOT NULL AUTO_INCREMENT,
  `name` varchar(50) NOT NULL,
  `website` varchar(200) DEFAULT NULL,
  `description` varchar(500) DEFAULT NULL,
  `type` int(11) DEFAULT '1',
  PRIMARY KEY (`id`)
) ENGINE=InnoDB AUTO_INCREMENT=12 DEFAULT CHARSET=utf8;

-- ----------------------------
-- Records of brand
-- ----------------------------
INSERT INTO `brand` VALUES ('1', 'Google', 'http://google.com', 'a good company', '1');
INSERT INTO `brand` VALUES ('2', 'Apple', 'http://apple.com', 'apple', '1');
INSERT INTO `brand` VALUES ('3', 'Microsoft', 'http://www.Microsoft.com', 'we ruan', '1');
INSERT INTO `brand` VALUES ('4', 'ymy', 'http://www.badu.com', 'dh', '1');
INSERT INTO `brand` VALUES ('5', 'ASUS', 'http://www.asus.com.cn/', 'asus is good', '1');
INSERT INTO `brand` VALUES ('6', 'menniu', 'http://www.mengniu.com.cn/', 'we sell good milk', '1');
INSERT INTO `brand` VALUES ('7', 'yili', 'http://www.yili.com/cms/index', 'our milk is best', '1');
INSERT INTO `brand` VALUES ('8', 'Chanel', 'http://www.chanel.cn', 'perfume', '1');
INSERT INTO `brand` VALUES ('9', 'hermes', 'http://www.hermes.com', 'good bag', '1');
INSERT INTO `brand` VALUES ('10', 'nike', 'http://www.nike.com', 'good shoes', '1');
INSERT INTO `brand` VALUES ('11', '第三方', null, null, '1');

-- ----------------------------
-- Table structure for `category`
-- ----------------------------
DROP TABLE IF EXISTS `category`;
CREATE TABLE `category` (
  `id` bigint(20) NOT NULL AUTO_INCREMENT,
  `name` varchar(40) NOT NULL,
  `upper_category_id` bigint(20) DEFAULT NULL,
  `rank` int(11) DEFAULT NULL,
  `priority` int(11) DEFAULT '0',
  `type` tinyint(1) DEFAULT NULL,
  PRIMARY KEY (`id`),
  UNIQUE KEY `name` (`name`),
  KEY `upperCategoryId` (`upper_category_id`),
  CONSTRAINT `category_ibfk_1` FOREIGN KEY (`upper_category_id`) REFERENCES `category` (`id`)
) ENGINE=InnoDB AUTO_INCREMENT=13 DEFAULT CHARSET=utf8;

-- ----------------------------
-- Records of category
-- ----------------------------
INSERT INTO `category` VALUES ('1', 'test', '1', '0', '255', '1');
INSERT INTO `category` VALUES ('2', 'computer', '10', '0', '88', '1');
INSERT INTO `category` VALUES ('3', 'software', '9', '1', '0', '1');
INSERT INTO `category` VALUES ('4', 'bottle', '1', '0', '0', '1');
INSERT INTO `category` VALUES ('5', 'phone', '10', '0', '68', '1');
INSERT INTO `category` VALUES ('6', 'ymy', '3', '1', '255', '1');
INSERT INTO `category` VALUES ('7', 'bag', '1', '0', '0', '1');
INSERT INTO `category` VALUES ('8', 'perfume', '1', '0', '0', '1');
INSERT INTO `category` VALUES ('9', 'digital', '1', '0', '0', '1');
INSERT INTO `category` VALUES ('10', 'hardware', '9', '0', '0', '1');
INSERT INTO `category` VALUES ('11', 'school', '7', '0', '0', '1');
INSERT INTO `category` VALUES ('12', '123', '2', '1', '0', '0');

-- ----------------------------
-- Table structure for `goods`
-- ----------------------------
DROP TABLE IF EXISTS `goods`;
CREATE TABLE `goods` (
  `id` bigint(20) NOT NULL AUTO_INCREMENT,
  `name` varchar(40) NOT NULL,
  `serial_code` varchar(40) NOT NULL,
  `weight` double(12,0) unsigned zerofill DEFAULT NULL,
  `stock_count` int(11) unsigned zerofill DEFAULT '00000000000',
  `pre_sale_number` int(11) unsigned zerofill DEFAULT '00000000000',
  `store_id` varchar(40) DEFAULT NULL,
  `mid_user_price` double(12,0) unsigned zerofill DEFAULT '000000000000',
  `market_price` double(12,0) unsigned zerofill DEFAULT '000000000000',
  `real_price` double(12,0) unsigned zerofill DEFAULT '000000000000',
  `redeem_point` int(11) DEFAULT '0',
  `category_id` bigint(11) DEFAULT NULL,
  `brand_id` bigint(11) DEFAULT NULL,
  `stand_id` bigint(11) DEFAULT NULL,
  `add_time` datetime DEFAULT NULL,
  `last_modified_time` datetime DEFAULT NULL,
  `description` longtext,
  `image_path` varchar(999) DEFAULT NULL,
  `is_dividable` tinyint(1) DEFAULT '0',
  `default_express` varchar(20) DEFAULT NULL,
  PRIMARY KEY (`id`),
  UNIQUE KEY `serialCode` (`serial_code`)
) ENGINE=InnoDB AUTO_INCREMENT=164 DEFAULT CHARSET=utf8;

-- ----------------------------
-- Records of goods
-- ----------------------------
INSERT INTO `goods` VALUES ('28', '贝加尔湖畔', 'ymy', '000000000009', '00000000009', '00000000909', '09', '000000000909', '000000000009', '000000000090', '90', '2', '43', '0', '2017-05-17 17:18:40', '2017-05-16 11:15:32', '在我的怀里\r\n在你的眼里\r\n那里春风沉醉\r\n那里绿草如茵\r\n月光把爱恋\r\n洒满了湖面\r\n两个人的篝火\r\n照亮整个夜晚\r\n多少年以后\r\n如云般游走\r\n那变换的脚步\r\n让我们难牵手\r\n这一生一世\r\n有多少你我\r\n被吞没在月光如水的夜里\r\n多想某一天\r\n往日又重现\r\n我们流连忘返\r\n在贝加尔湖畔\r\n多少年以后\r\n往事随云走\r\n那纷飞的冰雪\r\n容不下那温柔\r\n这一生一世\r\n这时间太少\r\n不够证明融化冰雪的深情\r\n多少年以后\r\n往事随云走\r\n那纷飞的冰雪\r\n容不下那温柔\r\n这一生一世\r\n这时间太少\r\n不够证明融化冰雪的深情\r\n就在某一天\r\n你忽然出现\r\n你清澈又神秘\r\n在贝加尔湖畔\r\n你清澈又神秘\r\n像贝加尔湖畔', '/resources/images/zjh/goods-example.jpg', null, '90');
INSERT INTO `goods` VALUES ('55', '假如爱有天意', '007000002', '000000000001', '00000000001', '00000000001', '007', '000000000001', '000000000001', '000000000045', '1', '5', '45', '0', '2017-05-16 11:16:03', '2017-05-16 11:16:03', '当天边那颗星出现\r\n你可知我又开始想念\r\n有多少爱恋只能遥遥相望\r\n就像月光洒向海面\r\n年少的我们曾以为\r\n相爱的人就能到永远\r\n当我们相信情到深处在一起\r\n听不见风中的叹息\r\n谁知道爱是什么\r\n短暂的相遇却念念不忘\r\n用尽一生的时间\r\n竟学不会遗忘\r\n如今我们已天各一方\r\n生活得像周围人一样\r\n眼前人给我最信任的依赖\r\n但愿你被温柔对待\r\n多少恍惚的时候\r\n仿佛看见你在人海川流\r\n隐约中你已浮现\r\n一转眼又不见\r\n短暂的相遇却念念不忘\r\n多少恍惚的时候\r\n仿佛看见你在人海川流\r\n隐约中你已浮现\r\n一转眼又不见\r\n当天边那颗星出现\r\n你可知我又开始想念\r\n有多少爱恋今生无处安放\r\n冥冥中什么已改变\r\n月光如春风拂面', '/resources/images/zjh/swiper-1.jpg', null, '');
INSERT INTO `goods` VALUES ('56', 'Love is over', '007000001', '000000000050', '00000000000', '00000000000', '007', '000000000000', '000000000000', '000000000070', '0', null, null, null, null, null, 'Love is over\r\n又是春雨下不断\r\n你说这样的夜晚\r\n害怕一个人思念\r\nLove is over\r\n老电影又看一遍\r\n故事主角不相见\r\n是你的遗憾\r\nLove is over\r\n房间又被猫咪弄乱\r\n去年秋天遇见它\r\n现在它和我作伴\r\nLove is over\r\n路边那家咖啡店\r\n冬天里换了桌椅\r\n你爱的角落没变\r\n我一个人去很远的城市\r\n看了一唱音乐会\r\n只为有你最爱的乐队\r\n曾让你感动落泪\r\n他们又唱了那首歌曲\r\n唱得我心碎\r\nLove is over\r\n昨夜电话里\r\n多年未见的朋友\r\n不经意间提起你\r\nLove is over\r\n咖啡厅的角落里\r\n似曾相识的情谊\r\n如此甜蜜\r\n就这样一个人活在\r\n两个人的世界里\r\n反反复复的足迹\r\n和从前形影不离\r\n可是恍然间又提醒我\r\n身边没有你\r\nLove Love is over\r\n说起来风轻云淡\r\n却像汹涌的爱恋\r\n卷起小船无法靠岸\r\nNothing to over\r\n我却总会在人前\r\n他们终究会给我\r\n一起走向长路漫漫\r\nLove is over\r\n又是春雨下不断\r\n就在这样的夜晚\r\nLove is over', '/resources/images/zjh/swiper-2.jpg', '0', null);
INSERT INTO `goods` VALUES ('57', '一往情深的恋人', '006000001', '000000000000', '00000000000', '00000000000', '006', '000000000000', '000000000000', '000000000004', '0', '2', '43', null, null, null, '如果不能陪你到最后\r\n是否后悔当初我们牵手\r\n如果当初没能遇见你\r\n现在的我 在哪里逗留\r\n所有的爱都是冒险 那就心甘情愿\r\n等待我们一生中所有悬念\r\n我一往情深的恋人 她是我的爱人\r\n她给我的爱就像是 带着露水的清晨\r\n我多想给她我的真 我单纯的爱人\r\n我愿为她等候寂寞 不管这夜晚多深\r\n如果我能陪你到最后\r\n是否原谅我曾经放开的手\r\n如果当初没能遇见你\r\n现在的我 不会为谁停留\r\n所有的爱都是冒险 那就心甘情愿\r\n等待我们一生中所有悬念\r\n我一往情深的恋人 她是我的爱人\r\n我在和她相遇以前 漫无目的地浮沉\r\n我多想给她我的真 我心疼的爱人\r\n我愿为她守候寂寞 就像这夜晚 深沉\r\n我一往情深的恋人 有美丽的灵魂\r\n她向我开放了所有 付出生命的热忱\r\n我一往情深的恋人 她是我的爱人\r\n她说与我相爱以后 是她最美的年华\r\n我多想给她我的真 我心疼的爱人\r\n我愿和她聆听寂静 就像这夜晚 深沉', '/resources/images/zjh/swiper-3.jpg', '0', null);
INSERT INTO `goods` VALUES ('59', '十点半的地铁', '005000001', '000000000000', '00000000000', '00000000000', '005', '000000000000', '000000000000', '000000000066', '0', null, null, null, null, null, '十点半的地铁\r\n终于每个人都有了座位\r\n温热的风\r\n终于能轻轻地静静地吹\r\n身边的姑娘胖胖的她\r\n重重地靠着我睡\r\n我没有推我不忍心推\r\n她看起来好累\r\n矮下了身子向后仰\r\n我懒散地伸长了腿\r\n对面的大叔\r\n在鼾声之中张大了嘴\r\n旁边的阿姨左摇右晃\r\n她睡得找不到北\r\n身边的妹妹 和朋友谈谁\r\n是是非非\r\n我也疲倦了\r\n这是我唯一不失眠的地方\r\n悲伤的 难过的\r\n在这里我没有力气去想\r\n城市的夜在头上\r\n沉默经过它的心上\r\n尽管它千疮百孔\r\n仍在夜里笑得冷艳漂亮\r\n十点半的地铁\r\n终于每个人都有了座位\r\n温热的风\r\n终于能轻轻地静静地吹\r\n对面的阿姨醒了又睡\r\n她没什么可依偎\r\n身边的妹妹\r\n不知道为谁流着眼泪\r\n我也疲倦了\r\n这是我唯一不失眠的地方\r\n悲伤的 难过的\r\n在这里我没有力气去想\r\n城市的夜在头上\r\n沉默经过它的心上\r\n尽管它千疮百孔\r\n仍在夜里笑得冷艳漂亮\r\n我也疲倦了\r\n这是我唯一不失眠的地方\r\n沉重的 烫手的\r\n在这里都可以暂时放放\r\n等到了站下了车\r\n余下的路还有好长\r\n不去想 管它呢\r\n让风吹在我脸上\r\n十点半的地铁\r\n终于每个人都有了座位\r\n温柔的风\r\n轻轻地轻轻地吹\r\n十点半的地铁\r\n终于每个人都有了座位\r\n温热的风\r\n终于能轻轻地静静地吹\r\n身边的姑娘胖胖的她\r\n重重地靠着我睡\r\n我没有推我不忍心推\r\n她看起来好累\r\n矮下了身子向后仰\r\n我懒散地伸长了腿\r\n对面的大叔\r\n在鼾声之中张大了嘴\r\n旁边的阿姨左摇右晃\r\n她睡得找不到北\r\n身边的妹妹 和朋友谈谁\r\n是是非非\r\n我也疲倦了\r\n这是我唯一不失眠的地方\r\n悲伤的 难过的\r\n在这里我没有力气去想\r\n城市的夜在头上\r\n沉默经过它的心上\r\n尽管它千疮百孔\r\n仍在夜里笑得冷艳漂亮\r\n十点半的地铁\r\n终于每个人都有了座位\r\n温热的风\r\n终于能轻轻地静静地吹\r\n对面的阿姨醒了又睡\r\n她没什么可依偎\r\n身边的妹妹\r\n不知道为谁流着眼泪\r\n我也疲倦了\r\n这是我唯一不失眠的地方\r\n悲伤的 难过的\r\n在这里我没有力气去想\r\n城市的夜在头上\r\n沉默经过它的心上\r\n尽管它千疮百孔\r\n仍在夜里笑得冷艳漂亮\r\n我也疲倦了\r\n这是我唯一不失眠的地方\r\n沉重的 烫手的\r\n在这里都可以暂时放放\r\n等到了站下了车\r\n余下的路还有好长\r\n不去想 管它呢\r\n让风吹在我脸上\r\n十点半的地铁\r\n终于每个人都有了座位\r\n温柔的风\r\n轻轻地轻轻地吹\r\n十点半的地铁\r\n终于每个人都有了座位\r\n温热的风\r\n终于能轻轻地静静地吹\r\n身边的姑娘胖胖的她\r\n重重地靠着我睡\r\n我没有推我不忍心推\r\n她看起来好累\r\n矮下了身子向后仰\r\n我懒散地伸长了腿\r\n对面的大叔\r\n在鼾声之中张大了嘴\r\n旁边的阿姨左摇右晃\r\n她睡得找不到北\r\n身边的妹妹 和朋友谈谁\r\n是是非非\r\n我也疲倦了\r\n这是我唯一不失眠的地方\r\n悲伤的 难过的\r\n在这里我没有力气去想\r\n城市的夜在头上\r\n沉默经过它的心上\r\n尽管它千疮百孔\r\n仍在夜里笑得冷艳漂亮\r\n十点半的地铁\r\n终于每个人都有了座位\r\n温热的风\r\n终于能轻轻地静静地吹\r\n对面的阿姨醒了又睡\r\n她没什么可依偎\r\n身边的妹妹\r\n不知道为谁流着眼泪\r\n我也疲倦了\r\n这是我唯一不失眠的地方\r\n悲伤的 难过的\r\n在这里我没有力气去想\r\n城市的夜在头上\r\n沉默经过它的心上\r\n尽管它千疮百孔\r\n仍在夜里笑得冷艳漂亮\r\n我也疲倦了\r\n这是我唯一不失眠的地方\r\n沉重的 烫手的\r\n在这里都可以暂时放放\r\n等到了站下了车\r\n余下的路还有好长\r\n不去想 管它呢\r\n让风吹在我脸上\r\n十点半的地铁\r\n终于每个人都有了座位\r\n温柔的风\r\n轻轻地轻轻地吹', '/resources/images/zjh/swiper-4.jpg', '0', null);
INSERT INTO `goods` VALUES ('60', '没离开过', '005000002', '000000000000', '00000000000', '00000000000', '005', '000000000000', '000000000000', '000000000013', '0', null, null, null, null, null, '我曾爱过也失去过\r\n尝过爱的甜与涩\r\n摆脱命运的捉弄\r\n我知道我要什么\r\n有一份难言的感动\r\n用所有情绪揉合\r\n何必再无谓的思索\r\n这世界有什么好值得\r\n如果没有你\r\n我眺望远方的山峰\r\n却错过转弯的路口\r\n蓦然回首\r\n才发现你在等我没离开过\r\n我寻找大海的尽头\r\n却忽略蜿蜒的河流\r\n当我逆水行舟\r\n你在我左右推着我走\r\nI know 我太富有\r\n因为爱满足了所有\r\n生命中每个漏洞\r\n你都用真心补缝\r\nRight now 就从这一刻\r\n我要拥你在怀中\r\n给你加倍的温柔\r\n为你唱一首专属的情歌\r\n请听我说\r\n我眺望远方的山峰\r\n却错过转弯的路口\r\n蓦然回首\r\n才发现你在等我没离开过\r\n我寻找大海的尽头\r\n却忽略蜿蜒的河流\r\n当我逆水行舟\r\n你在我左右陪着我走\r\n喜怒哀乐捆绑我的\r\n都不再算什么 baby\r\n让我的世界以你为轴\r\n快乐你快乐\r\n忧愁你忧愁\r\nRight now Right now\r\n闭上眼用心去感受\r\nRight now Right now\r\n闭上眼用心去感受\r\n有一个声音\r\n它说爱情没离开过', '/resources/images/zjh/swiper-5.jpg', '0', null);
INSERT INTO `goods` VALUES ('61', '离人', '005000003', '000000000000', '00000000000', '00000000000', '005', '000000000000', '000000000000', '000000000006', '0', null, null, null, null, null, '银色小船摇摇晃晃弯弯\r\n　　悬在绒绒的天上\r\n　　你的心事三三俩俩蓝蓝\r\n　　停在我幽幽心上\r\n　　你说情到深处人怎能不孤独\r\n　　爱到浓时就牵肠挂肚\r\n　　我的行李孤孤单单散散\r\n　　惹惆怅\r\n　　离人放逐到边界\r\n　　彷佛走入第五个季节\r\n　　昼夜乱了和谐\r\n　　潮泛任性涨退\r\n　　字典里没春天\r\n　　离人挥霍着眼泪\r\n　　回避还在眼前的离别\r\n　　你不敢想明天\r\n　　我不肯说再见\r\n　　有人说一次告别天上\r\n　　就会有颗星又熄灭\r\n　　银色小船摇摇晃晃弯弯\r\n　　悬在绒绒的天上\r\n　　你的心事三三俩俩蓝蓝\r\n　　停在我幽幽心上\r\n　　你说情到深处人怎能不孤独\r\n　　爱到浓时就牵肠挂肚\r\n　　我的行李孤孤单单散散\r\n　　惹惆怅\r\n　　离人放逐到边界\r\n　　彷佛走入第五个季节\r\n　　昼夜乱了和谐\r\n　　潮泛任性涨退\r\n　　字典里没春天\r\n　　离人挥霍着眼泪\r\n　　回避还在眼前的离别\r\n　　你不敢想明天\r\n　　我不肯说再见\r\n　　有人说一次告别天上\r\n　　就会有颗星又熄灭\r\n　　离人放逐到边界\r\n　　彷佛走入第五个季节\r\n　　昼夜乱了和谐\r\n　　潮泛任性涨退\r\n　　字典里没春天\r\n　　离人挥霍着眼泪\r\n　　回避还在眼前的离别\r\n　　你不敢想明天\r\n　　我不肯说再见\r\n　　有人说一次告别天上\r\n　　就会有颗星又熄灭', '/resources/images/zjh/swiper-6.jpg', '0', null);
INSERT INTO `goods` VALUES ('62', 'Writing\'s on the wall', '005000004', '000000000000', '00000000000', '00000000000', '005', '000000000000', '000000000000', '000000000075', '0', null, null, null, null, null, 'I\'ve been here before \r\n我曾漫步于此 \r\nBut always hit the floor \r\n最后却跌落尘埃 \r\nI\'ve spent a lifetime running \r\n倾尽一生只为逃离 \r\nAnd I always get away \r\n却总是畏缩不前 \r\nBut with you I\'m feeling something \r\n有你相守 心中迸发力量 \r\nThat makes me want to stay \r\n你让我毅然坚守 \r\nI\'m prepared for this \r\n我 蓄势待发 \r\nI never shoot to miss \r\n我 矢不虚发 \r\nBut I feel like a storm is coming \r\n似乎狂风暴雨即将来袭 \r\nIf I\'m gonna make it through the day \r\n若我能安然度过 \r\nThen there\'s no more use in running \r\n逃避便于事无补 \r\nThis is something I gotta face \r\n这就是我直面的现实 \r\nIf I\'ll risk it all \r\n若我愿倾尽所有 \r\nCould you break my fall \r\n你是否能让我不再沦陷 \r\nHow do I live how do I breathe \r\n我该如何苟且 该如何偷生 \r\nWhen you\'re not here I\'m suffocating \r\n令人窒息的煎熬 你不在我身边陪伴 \r\nI want to feel love run through my blood \r\n多渴望爱能浸注我的血液 \r\nTell me is this where I give it all up \r\n告诉我 这便是我奋不顾身的归属 \r\nFor you I have to risk it all \r\n为你 我愿不顾一切 \r\nCause the writing\'s on the wall \r\n因为这是无法抹去的誓言 \r\nA million shards of glass \r\n心碎的过往 \r\nThat haunt me from my past \r\n纠缠的曾经 \r\nAs the stars begin to gather \r\n星光涌现之时 \r\nAnd the light begins to fade \r\n唯见灯火阑珊 \r\nWhen all hope begins to shatter \r\n即便希望碎灭 \r\nKnow that I won\'t be afraid \r\n也知我怎会有一丝胆怯 \r\nIf I\'ll risk it all \r\n若我不顾一切 \r\nCould you break my fall \r\n你是否能让我不再沦陷 \r\nHow do I live how do I breathe \r\n我该如何苟且 该如何偷生 \r\nWhen you\'re not here I\'m suffocating \r\n令人窒息的煎熬 你不在我身边陪伴 \r\nI want to feel love run through my blood \r\n多渴望爱能浸注我的血液 \r\nTell me is this where I give it all up \r\n告诉我 这便是我奋不顾身的归属 \r\nFor you I have to risk it all \r\n为你 我愿不顾一切 \r\nCause the writing\'s on the wall \r\n因为这是无法抹去的誓言 \r\nThe writing\'s on the wall \r\n无法抹去的誓言 \r\nHow do I live how do I breathe \r\n我该如何苟且 该如何偷生 \r\nWhen you\'re not here I\'m suffocating \r\n令人窒息的煎熬 你不在我身边陪伴 \r\nI want to feel love run through my blood \r\n多渴望爱能浸注我的血液 \r\nTell me is this where I give it all up \r\n告诉我 这便是我奋不顾身的归属 \r\nHow do I live how do I breathe \r\n我该如何苟且 该如何偷生 \r\nWhen you\'re not here I\'m suffocating \r\n令人窒息的煎熬 你不在我身边陪伴 \r\nI want to feel love run through my blood \r\n多渴望爱能浸注我的血液 \r\nTell me is this where I give it all up \r\n告诉我 这便是我奋不顾身的归属 \r\nFor you I have to risk it all \r\n为你 我愿不顾一切 \r\nCause the writing\'s on the wall \r\n因为这是无法抹去的誓言 ', '/resources/images/zjh/goods-example.jpg', '0', null);
INSERT INTO `goods` VALUES ('63', '出师表', '005000005', '000000000000', '00000000000', '00000000000', '005', '000000000000', '000000000000', '000000003000', '0', null, null, null, null, null, '先帝创业未半而中道崩殂，今天下三分，益州疲弊，此诚危急存亡之秋也。然侍卫之臣不懈于内，忠志之士忘身于外者，盖追先帝之殊遇，欲报之于陛下也。诚宜开张圣听，以光先帝遗德，恢弘志士之气，不宜妄自菲薄，引喻失义，以塞忠谏之路也。 \r\n宫中府中，俱为一体，陟罚臧否，不宜异同。若有作奸犯科及为忠善者，宜付有司论其刑赏，以昭陛下平明之理，不宜偏私，使内外异法也。 \r\n侍中侍郎郭攸之、费祎、董允等，此皆良实，志虑忠纯，是以先帝简拔以遗陛下。愚以为宫中之事，事无大小，悉以咨之，然后施行，必能裨补阙漏，有所广益。 \r\n将军向宠，性行淑均，晓畅军事，试用于昔日，先帝称之曰能，是以众议举宠为督。愚以为营中之事，悉以咨之，必能使行阵和睦，优劣得所。 \r\n亲贤臣，远小人，此先汉所以兴隆也；亲小人，远贤臣，此后汉所以倾颓也。先帝在时，每与臣论此事，未尝不叹息痛恨于桓、灵也。侍中、尚书、长史、参军，此悉贞良死节之臣，愿陛下亲之信之，则汉室之隆，可计日而待也。 \r\n臣本布衣，躬耕于南阳，苟全性命于乱世，不求闻达于诸侯。先帝不以臣卑鄙，猥自枉屈，三顾臣于草庐之中，咨臣以当世之事，由是感激，遂许先帝以驱驰。后值倾覆，受任于败军之际，奉命于危难之间，尔来二十有一年矣。 \r\n先帝知臣谨慎，故临崩寄臣以大事也。受命以来，夙夜忧叹，恐托付不效，以伤先帝之明，故五月渡泸，深入不毛。今南方已定，兵甲已足，当奖率三军，北定中原，庶竭驽钝，攘除奸凶，兴复汉室，还于旧都。此臣所以报先帝而忠陛下之职分也。至于斟酌损益，进尽忠言，则攸之、祎、允之任也。 \r\n愿陛下托臣以讨贼兴复之效，不效则治臣之罪，以告先帝之灵。若无兴德之言，则责攸之、祎、允等之慢，以彰其咎；陛下亦宜自谋，以咨诹善道，察纳雅言，深追先帝遗诏。臣不胜受恩感激。 \r\n今当远离，临表涕零，不知所言。', '/resources/images/zjh/goods-example.jpg', '0', null);
INSERT INTO `goods` VALUES ('114', '山丘1', 'f81c85d920514c', '000000000041', '00000000107', '00000000030', null, '000000000000', '000000000033', '000000000097', '1548', '2', '4', null, '2017-05-18 20:37:31', null, '想说却还没说的 还很多\r\n攒着是因为想写成歌\r\n让人轻轻地唱着 淡淡地记着\r\n就算终于忘了 也值了\r\n说不定我一生涓滴意念\r\n侥幸汇成河\r\n然后我俩各自一端\r\n望着大河弯弯 终于敢放胆\r\n嘻皮笑脸 面对 人生的难\r\n也许我们从未成熟\r\n还没能晓得 就快要老了\r\n尽管心里活着的还是那个\r\n年轻人\r\n因为不安而频频回首\r\n无知地索求 羞耻于求救\r\n不知疲倦地翻越 每一个山丘\r\n越过山丘 虽然已白了头\r\n喋喋不休 时不我予的哀愁\r\n还未如愿见着不朽\r\n就把自己先搞丢\r\n越过山丘 才发现无人等候\r\n喋喋不休 再也唤不回温柔\r\n为何记不得上一次是谁给的拥抱\r\n在什么时候\r\n我没有刻意隐藏 也无意让你感伤\r\n多少次我们无醉不欢\r\n咒骂人生太短 唏嘘相见恨晚\r\n让女人把妆哭花了 也不管\r\n遗憾我们从未成熟\r\n还没能晓得 就已经老了\r\n尽力却仍不明白\r\n身边的年轻人\r\n给自己随便找个理由\r\n向情爱的挑逗 命运的左右\r\n不自量力地还手 直至死方休\r\n越过山丘 虽然已白了头\r\n喋喋不休 时不我予的哀愁\r\n还未如愿见着不朽\r\n就把自己先搞丢\r\n越过山丘 才发现无人等候\r\n喋喋不休 再也唤不回了温柔\r\n为何记不得上一次是谁给的拥抱\r\n在什么时候\r\n越过山丘 虽然已白了头\r\n喋喋不休 时不我予的哀愁\r\n还未如愿见着不朽\r\n就把自己先搞丢\r\n越过山丘 才发现无人等候\r\n喋喋不休 再也唤不回了温柔\r\n为何记不得上一次是谁给的拥抱\r\n在什么时候\r\n喋喋不休 时不我予的哀愁\r\n向情爱的挑逗 命运的左右\r\n不自量力地还手 直至死方休\r\n为何记不得上一次是谁给的拥抱\r\n在什么时候', '/resources/images/zjh/example17.jpg', '0', null);
INSERT INTO `goods` VALUES ('115', '山丘2', '6de71cee69504', '000000000087', '00000000195', '00000000072', null, '000000000000', '000000000014', '000000000002', '557', '8', '6', null, '2017-05-18 20:37:31', null, '想说却还没说的 还很多\r\n攒着是因为想写成歌\r\n让人轻轻地唱着 淡淡地记着\r\n就算终于忘了 也值了\r\n说不定我一生涓滴意念\r\n侥幸汇成河\r\n然后我俩各自一端\r\n望着大河弯弯 终于敢放胆\r\n嘻皮笑脸 面对 人生的难\r\n也许我们从未成熟\r\n还没能晓得 就快要老了\r\n尽管心里活着的还是那个\r\n年轻人\r\n因为不安而频频回首\r\n无知地索求 羞耻于求救\r\n不知疲倦地翻越 每一个山丘\r\n越过山丘 虽然已白了头\r\n喋喋不休 时不我予的哀愁\r\n还未如愿见着不朽\r\n就把自己先搞丢\r\n越过山丘 才发现无人等候\r\n喋喋不休 再也唤不回温柔\r\n为何记不得上一次是谁给的拥抱\r\n在什么时候\r\n我没有刻意隐藏 也无意让你感伤\r\n多少次我们无醉不欢\r\n咒骂人生太短 唏嘘相见恨晚\r\n让女人把妆哭花了 也不管\r\n遗憾我们从未成熟\r\n还没能晓得 就已经老了\r\n尽力却仍不明白\r\n身边的年轻人\r\n给自己随便找个理由\r\n向情爱的挑逗 命运的左右\r\n不自量力地还手 直至死方休\r\n越过山丘 虽然已白了头\r\n喋喋不休 时不我予的哀愁\r\n还未如愿见着不朽\r\n就把自己先搞丢\r\n越过山丘 才发现无人等候\r\n喋喋不休 再也唤不回了温柔\r\n为何记不得上一次是谁给的拥抱\r\n在什么时候\r\n越过山丘 虽然已白了头\r\n喋喋不休 时不我予的哀愁\r\n还未如愿见着不朽\r\n就把自己先搞丢\r\n越过山丘 才发现无人等候\r\n喋喋不休 再也唤不回了温柔\r\n为何记不得上一次是谁给的拥抱\r\n在什么时候\r\n喋喋不休 时不我予的哀愁\r\n向情爱的挑逗 命运的左右\r\n不自量力地还手 直至死方休\r\n为何记不得上一次是谁给的拥抱\r\n在什么时候', '/resources/images/zjh/example30.jpg', '0', null);
INSERT INTO `goods` VALUES ('116', '山丘3', 'fbea483890b6', '000000000011', '00000000023', '00000000105', null, '000000000000', '000000000096', '000000000027', '1602', '2', '10', null, '2017-05-18 20:37:31', null, '想说却还没说的 还很多\r\n攒着是因为想写成歌\r\n让人轻轻地唱着 淡淡地记着\r\n就算终于忘了 也值了\r\n说不定我一生涓滴意念\r\n侥幸汇成河\r\n然后我俩各自一端\r\n望着大河弯弯 终于敢放胆\r\n嘻皮笑脸 面对 人生的难\r\n也许我们从未成熟\r\n还没能晓得 就快要老了\r\n尽管心里活着的还是那个\r\n年轻人\r\n因为不安而频频回首\r\n无知地索求 羞耻于求救\r\n不知疲倦地翻越 每一个山丘\r\n越过山丘 虽然已白了头\r\n喋喋不休 时不我予的哀愁\r\n还未如愿见着不朽\r\n就把自己先搞丢\r\n越过山丘 才发现无人等候\r\n喋喋不休 再也唤不回温柔\r\n为何记不得上一次是谁给的拥抱\r\n在什么时候\r\n我没有刻意隐藏 也无意让你感伤\r\n多少次我们无醉不欢\r\n咒骂人生太短 唏嘘相见恨晚\r\n让女人把妆哭花了 也不管\r\n遗憾我们从未成熟\r\n还没能晓得 就已经老了\r\n尽力却仍不明白\r\n身边的年轻人\r\n给自己随便找个理由\r\n向情爱的挑逗 命运的左右\r\n不自量力地还手 直至死方休\r\n越过山丘 虽然已白了头\r\n喋喋不休 时不我予的哀愁\r\n还未如愿见着不朽\r\n就把自己先搞丢\r\n越过山丘 才发现无人等候\r\n喋喋不休 再也唤不回了温柔\r\n为何记不得上一次是谁给的拥抱\r\n在什么时候\r\n越过山丘 虽然已白了头\r\n喋喋不休 时不我予的哀愁\r\n还未如愿见着不朽\r\n就把自己先搞丢\r\n越过山丘 才发现无人等候\r\n喋喋不休 再也唤不回了温柔\r\n为何记不得上一次是谁给的拥抱\r\n在什么时候\r\n喋喋不休 时不我予的哀愁\r\n向情爱的挑逗 命运的左右\r\n不自量力地还手 直至死方休\r\n为何记不得上一次是谁给的拥抱\r\n在什么时候', '/resources/images/zjh/example8.jpg', '0', null);
INSERT INTO `goods` VALUES ('117', '山丘4', '049bbc01cc184', '000000000066', '00000000035', '00000000083', null, '000000000000', '000000000019', '000000000047', '1999', '2', '9', null, '2017-05-18 20:37:31', null, '想说却还没说的 还很多\r\n攒着是因为想写成歌\r\n让人轻轻地唱着 淡淡地记着\r\n就算终于忘了 也值了\r\n说不定我一生涓滴意念\r\n侥幸汇成河\r\n然后我俩各自一端\r\n望着大河弯弯 终于敢放胆\r\n嘻皮笑脸 面对 人生的难\r\n也许我们从未成熟\r\n还没能晓得 就快要老了\r\n尽管心里活着的还是那个\r\n年轻人\r\n因为不安而频频回首\r\n无知地索求 羞耻于求救\r\n不知疲倦地翻越 每一个山丘\r\n越过山丘 虽然已白了头\r\n喋喋不休 时不我予的哀愁\r\n还未如愿见着不朽\r\n就把自己先搞丢\r\n越过山丘 才发现无人等候\r\n喋喋不休 再也唤不回温柔\r\n为何记不得上一次是谁给的拥抱\r\n在什么时候\r\n我没有刻意隐藏 也无意让你感伤\r\n多少次我们无醉不欢\r\n咒骂人生太短 唏嘘相见恨晚\r\n让女人把妆哭花了 也不管\r\n遗憾我们从未成熟\r\n还没能晓得 就已经老了\r\n尽力却仍不明白\r\n身边的年轻人\r\n给自己随便找个理由\r\n向情爱的挑逗 命运的左右\r\n不自量力地还手 直至死方休\r\n越过山丘 虽然已白了头\r\n喋喋不休 时不我予的哀愁\r\n还未如愿见着不朽\r\n就把自己先搞丢\r\n越过山丘 才发现无人等候\r\n喋喋不休 再也唤不回了温柔\r\n为何记不得上一次是谁给的拥抱\r\n在什么时候\r\n越过山丘 虽然已白了头\r\n喋喋不休 时不我予的哀愁\r\n还未如愿见着不朽\r\n就把自己先搞丢\r\n越过山丘 才发现无人等候\r\n喋喋不休 再也唤不回了温柔\r\n为何记不得上一次是谁给的拥抱\r\n在什么时候\r\n喋喋不休 时不我予的哀愁\r\n向情爱的挑逗 命运的左右\r\n不自量力地还手 直至死方休\r\n为何记不得上一次是谁给的拥抱\r\n在什么时候', '/resources/images/zjh/example28.jpg', '0', null);
INSERT INTO `goods` VALUES ('118', '山丘5', 'a1795c9d2ae54', '000000000063', '00000000064', '00000000013', null, '000000000000', '000000000042', '000000000037', '92', '3', '3', null, '2017-05-18 20:37:31', null, '想说却还没说的 还很多\r\n攒着是因为想写成歌\r\n让人轻轻地唱着 淡淡地记着\r\n就算终于忘了 也值了\r\n说不定我一生涓滴意念\r\n侥幸汇成河\r\n然后我俩各自一端\r\n望着大河弯弯 终于敢放胆\r\n嘻皮笑脸 面对 人生的难\r\n也许我们从未成熟\r\n还没能晓得 就快要老了\r\n尽管心里活着的还是那个\r\n年轻人\r\n因为不安而频频回首\r\n无知地索求 羞耻于求救\r\n不知疲倦地翻越 每一个山丘\r\n越过山丘 虽然已白了头\r\n喋喋不休 时不我予的哀愁\r\n还未如愿见着不朽\r\n就把自己先搞丢\r\n越过山丘 才发现无人等候\r\n喋喋不休 再也唤不回温柔\r\n为何记不得上一次是谁给的拥抱\r\n在什么时候\r\n我没有刻意隐藏 也无意让你感伤\r\n多少次我们无醉不欢\r\n咒骂人生太短 唏嘘相见恨晚\r\n让女人把妆哭花了 也不管\r\n遗憾我们从未成熟\r\n还没能晓得 就已经老了\r\n尽力却仍不明白\r\n身边的年轻人\r\n给自己随便找个理由\r\n向情爱的挑逗 命运的左右\r\n不自量力地还手 直至死方休\r\n越过山丘 虽然已白了头\r\n喋喋不休 时不我予的哀愁\r\n还未如愿见着不朽\r\n就把自己先搞丢\r\n越过山丘 才发现无人等候\r\n喋喋不休 再也唤不回了温柔\r\n为何记不得上一次是谁给的拥抱\r\n在什么时候\r\n越过山丘 虽然已白了头\r\n喋喋不休 时不我予的哀愁\r\n还未如愿见着不朽\r\n就把自己先搞丢\r\n越过山丘 才发现无人等候\r\n喋喋不休 再也唤不回了温柔\r\n为何记不得上一次是谁给的拥抱\r\n在什么时候\r\n喋喋不休 时不我予的哀愁\r\n向情爱的挑逗 命运的左右\r\n不自量力地还手 直至死方休\r\n为何记不得上一次是谁给的拥抱\r\n在什么时候', '/resources/images/zjh/example17.jpg', '0', null);
INSERT INTO `goods` VALUES ('119', '山丘6', 'b6bb73031ff540', '000000000035', '00000000063', '00000000055', null, '000000000000', '000000000027', '000000000004', '426', '8', '3', null, '2017-05-18 20:37:31', null, '想说却还没说的 还很多\r\n攒着是因为想写成歌\r\n让人轻轻地唱着 淡淡地记着\r\n就算终于忘了 也值了\r\n说不定我一生涓滴意念\r\n侥幸汇成河\r\n然后我俩各自一端\r\n望着大河弯弯 终于敢放胆\r\n嘻皮笑脸 面对 人生的难\r\n也许我们从未成熟\r\n还没能晓得 就快要老了\r\n尽管心里活着的还是那个\r\n年轻人\r\n因为不安而频频回首\r\n无知地索求 羞耻于求救\r\n不知疲倦地翻越 每一个山丘\r\n越过山丘 虽然已白了头\r\n喋喋不休 时不我予的哀愁\r\n还未如愿见着不朽\r\n就把自己先搞丢\r\n越过山丘 才发现无人等候\r\n喋喋不休 再也唤不回温柔\r\n为何记不得上一次是谁给的拥抱\r\n在什么时候\r\n我没有刻意隐藏 也无意让你感伤\r\n多少次我们无醉不欢\r\n咒骂人生太短 唏嘘相见恨晚\r\n让女人把妆哭花了 也不管\r\n遗憾我们从未成熟\r\n还没能晓得 就已经老了\r\n尽力却仍不明白\r\n身边的年轻人\r\n给自己随便找个理由\r\n向情爱的挑逗 命运的左右\r\n不自量力地还手 直至死方休\r\n越过山丘 虽然已白了头\r\n喋喋不休 时不我予的哀愁\r\n还未如愿见着不朽\r\n就把自己先搞丢\r\n越过山丘 才发现无人等候\r\n喋喋不休 再也唤不回了温柔\r\n为何记不得上一次是谁给的拥抱\r\n在什么时候\r\n越过山丘 虽然已白了头\r\n喋喋不休 时不我予的哀愁\r\n还未如愿见着不朽\r\n就把自己先搞丢\r\n越过山丘 才发现无人等候\r\n喋喋不休 再也唤不回了温柔\r\n为何记不得上一次是谁给的拥抱\r\n在什么时候\r\n喋喋不休 时不我予的哀愁\r\n向情爱的挑逗 命运的左右\r\n不自量力地还手 直至死方休\r\n为何记不得上一次是谁给的拥抱\r\n在什么时候', '/resources/images/zjh/example18.jpg', '0', null);
INSERT INTO `goods` VALUES ('120', '山丘7', 'b4b7e2e7024', '000000000079', '00000000176', '00000000052', null, '000000000000', '000000000020', '000000000078', '1974', '1', '5', null, '2017-05-18 20:37:31', null, '想说却还没说的 还很多\r\n攒着是因为想写成歌\r\n让人轻轻地唱着 淡淡地记着\r\n就算终于忘了 也值了\r\n说不定我一生涓滴意念\r\n侥幸汇成河\r\n然后我俩各自一端\r\n望着大河弯弯 终于敢放胆\r\n嘻皮笑脸 面对 人生的难\r\n也许我们从未成熟\r\n还没能晓得 就快要老了\r\n尽管心里活着的还是那个\r\n年轻人\r\n因为不安而频频回首\r\n无知地索求 羞耻于求救\r\n不知疲倦地翻越 每一个山丘\r\n越过山丘 虽然已白了头\r\n喋喋不休 时不我予的哀愁\r\n还未如愿见着不朽\r\n就把自己先搞丢\r\n越过山丘 才发现无人等候\r\n喋喋不休 再也唤不回温柔\r\n为何记不得上一次是谁给的拥抱\r\n在什么时候\r\n我没有刻意隐藏 也无意让你感伤\r\n多少次我们无醉不欢\r\n咒骂人生太短 唏嘘相见恨晚\r\n让女人把妆哭花了 也不管\r\n遗憾我们从未成熟\r\n还没能晓得 就已经老了\r\n尽力却仍不明白\r\n身边的年轻人\r\n给自己随便找个理由\r\n向情爱的挑逗 命运的左右\r\n不自量力地还手 直至死方休\r\n越过山丘 虽然已白了头\r\n喋喋不休 时不我予的哀愁\r\n还未如愿见着不朽\r\n就把自己先搞丢\r\n越过山丘 才发现无人等候\r\n喋喋不休 再也唤不回了温柔\r\n为何记不得上一次是谁给的拥抱\r\n在什么时候\r\n越过山丘 虽然已白了头\r\n喋喋不休 时不我予的哀愁\r\n还未如愿见着不朽\r\n就把自己先搞丢\r\n越过山丘 才发现无人等候\r\n喋喋不休 再也唤不回了温柔\r\n为何记不得上一次是谁给的拥抱\r\n在什么时候\r\n喋喋不休 时不我予的哀愁\r\n向情爱的挑逗 命运的左右\r\n不自量力地还手 直至死方休\r\n为何记不得上一次是谁给的拥抱\r\n在什么时候', '/resources/images/zjh/example2.jpg', '0', null);
INSERT INTO `goods` VALUES ('121', '山丘8', '7b5cb50055e4', '000000000055', '00000000040', '00000000139', null, '000000000000', '000000000087', '000000000082', '1779', '11', '10', null, '2017-05-18 20:37:31', null, '想说却还没说的 还很多\r\n攒着是因为想写成歌\r\n让人轻轻地唱着 淡淡地记着\r\n就算终于忘了 也值了\r\n说不定我一生涓滴意念\r\n侥幸汇成河\r\n然后我俩各自一端\r\n望着大河弯弯 终于敢放胆\r\n嘻皮笑脸 面对 人生的难\r\n也许我们从未成熟\r\n还没能晓得 就快要老了\r\n尽管心里活着的还是那个\r\n年轻人\r\n因为不安而频频回首\r\n无知地索求 羞耻于求救\r\n不知疲倦地翻越 每一个山丘\r\n越过山丘 虽然已白了头\r\n喋喋不休 时不我予的哀愁\r\n还未如愿见着不朽\r\n就把自己先搞丢\r\n越过山丘 才发现无人等候\r\n喋喋不休 再也唤不回温柔\r\n为何记不得上一次是谁给的拥抱\r\n在什么时候\r\n我没有刻意隐藏 也无意让你感伤\r\n多少次我们无醉不欢\r\n咒骂人生太短 唏嘘相见恨晚\r\n让女人把妆哭花了 也不管\r\n遗憾我们从未成熟\r\n还没能晓得 就已经老了\r\n尽力却仍不明白\r\n身边的年轻人\r\n给自己随便找个理由\r\n向情爱的挑逗 命运的左右\r\n不自量力地还手 直至死方休\r\n越过山丘 虽然已白了头\r\n喋喋不休 时不我予的哀愁\r\n还未如愿见着不朽\r\n就把自己先搞丢\r\n越过山丘 才发现无人等候\r\n喋喋不休 再也唤不回了温柔\r\n为何记不得上一次是谁给的拥抱\r\n在什么时候\r\n越过山丘 虽然已白了头\r\n喋喋不休 时不我予的哀愁\r\n还未如愿见着不朽\r\n就把自己先搞丢\r\n越过山丘 才发现无人等候\r\n喋喋不休 再也唤不回了温柔\r\n为何记不得上一次是谁给的拥抱\r\n在什么时候\r\n喋喋不休 时不我予的哀愁\r\n向情爱的挑逗 命运的左右\r\n不自量力地还手 直至死方休\r\n为何记不得上一次是谁给的拥抱\r\n在什么时候', '/resources/images/zjh/example21.jpg', '0', null);
INSERT INTO `goods` VALUES ('122', '山丘9', '59072b22007', '000000000073', '00000000048', '00000000091', null, '000000000000', '000000000070', '000000000099', '142', '1', '1', null, '2017-05-18 20:37:31', null, '想说却还没说的 还很多\r\n攒着是因为想写成歌\r\n让人轻轻地唱着 淡淡地记着\r\n就算终于忘了 也值了\r\n说不定我一生涓滴意念\r\n侥幸汇成河\r\n然后我俩各自一端\r\n望着大河弯弯 终于敢放胆\r\n嘻皮笑脸 面对 人生的难\r\n也许我们从未成熟\r\n还没能晓得 就快要老了\r\n尽管心里活着的还是那个\r\n年轻人\r\n因为不安而频频回首\r\n无知地索求 羞耻于求救\r\n不知疲倦地翻越 每一个山丘\r\n越过山丘 虽然已白了头\r\n喋喋不休 时不我予的哀愁\r\n还未如愿见着不朽\r\n就把自己先搞丢\r\n越过山丘 才发现无人等候\r\n喋喋不休 再也唤不回温柔\r\n为何记不得上一次是谁给的拥抱\r\n在什么时候\r\n我没有刻意隐藏 也无意让你感伤\r\n多少次我们无醉不欢\r\n咒骂人生太短 唏嘘相见恨晚\r\n让女人把妆哭花了 也不管\r\n遗憾我们从未成熟\r\n还没能晓得 就已经老了\r\n尽力却仍不明白\r\n身边的年轻人\r\n给自己随便找个理由\r\n向情爱的挑逗 命运的左右\r\n不自量力地还手 直至死方休\r\n越过山丘 虽然已白了头\r\n喋喋不休 时不我予的哀愁\r\n还未如愿见着不朽\r\n就把自己先搞丢\r\n越过山丘 才发现无人等候\r\n喋喋不休 再也唤不回了温柔\r\n为何记不得上一次是谁给的拥抱\r\n在什么时候\r\n越过山丘 虽然已白了头\r\n喋喋不休 时不我予的哀愁\r\n还未如愿见着不朽\r\n就把自己先搞丢\r\n越过山丘 才发现无人等候\r\n喋喋不休 再也唤不回了温柔\r\n为何记不得上一次是谁给的拥抱\r\n在什么时候\r\n喋喋不休 时不我予的哀愁\r\n向情爱的挑逗 命运的左右\r\n不自量力地还手 直至死方休\r\n为何记不得上一次是谁给的拥抱\r\n在什么时候', '/resources/images/zjh/example1.jpg', '0', null);
INSERT INTO `goods` VALUES ('123', '山丘10', '73f2019f252147e', '000000000046', '00000000146', '00000000114', null, '000000000000', '000000000095', '000000000045', '1873', '2', '5', null, '2017-05-18 20:37:31', null, '想说却还没说的 还很多\r\n攒着是因为想写成歌\r\n让人轻轻地唱着 淡淡地记着\r\n就算终于忘了 也值了\r\n说不定我一生涓滴意念\r\n侥幸汇成河\r\n然后我俩各自一端\r\n望着大河弯弯 终于敢放胆\r\n嘻皮笑脸 面对 人生的难\r\n也许我们从未成熟\r\n还没能晓得 就快要老了\r\n尽管心里活着的还是那个\r\n年轻人\r\n因为不安而频频回首\r\n无知地索求 羞耻于求救\r\n不知疲倦地翻越 每一个山丘\r\n越过山丘 虽然已白了头\r\n喋喋不休 时不我予的哀愁\r\n还未如愿见着不朽\r\n就把自己先搞丢\r\n越过山丘 才发现无人等候\r\n喋喋不休 再也唤不回温柔\r\n为何记不得上一次是谁给的拥抱\r\n在什么时候\r\n我没有刻意隐藏 也无意让你感伤\r\n多少次我们无醉不欢\r\n咒骂人生太短 唏嘘相见恨晚\r\n让女人把妆哭花了 也不管\r\n遗憾我们从未成熟\r\n还没能晓得 就已经老了\r\n尽力却仍不明白\r\n身边的年轻人\r\n给自己随便找个理由\r\n向情爱的挑逗 命运的左右\r\n不自量力地还手 直至死方休\r\n越过山丘 虽然已白了头\r\n喋喋不休 时不我予的哀愁\r\n还未如愿见着不朽\r\n就把自己先搞丢\r\n越过山丘 才发现无人等候\r\n喋喋不休 再也唤不回了温柔\r\n为何记不得上一次是谁给的拥抱\r\n在什么时候\r\n越过山丘 虽然已白了头\r\n喋喋不休 时不我予的哀愁\r\n还未如愿见着不朽\r\n就把自己先搞丢\r\n越过山丘 才发现无人等候\r\n喋喋不休 再也唤不回了温柔\r\n为何记不得上一次是谁给的拥抱\r\n在什么时候\r\n喋喋不休 时不我予的哀愁\r\n向情爱的挑逗 命运的左右\r\n不自量力地还手 直至死方休\r\n为何记不得上一次是谁给的拥抱\r\n在什么时候', '/resources/images/zjh/example20.jpg', '0', null);
INSERT INTO `goods` VALUES ('124', '山丘11', '29700f965fb9462fa', '000000000075', '00000000095', '00000000041', null, '000000000000', '000000000092', '000000000071', '1985', '1', '1', null, '2017-05-18 20:37:31', null, '想说却还没说的 还很多\r\n攒着是因为想写成歌\r\n让人轻轻地唱着 淡淡地记着\r\n就算终于忘了 也值了\r\n说不定我一生涓滴意念\r\n侥幸汇成河\r\n然后我俩各自一端\r\n望着大河弯弯 终于敢放胆\r\n嘻皮笑脸 面对 人生的难\r\n也许我们从未成熟\r\n还没能晓得 就快要老了\r\n尽管心里活着的还是那个\r\n年轻人\r\n因为不安而频频回首\r\n无知地索求 羞耻于求救\r\n不知疲倦地翻越 每一个山丘\r\n越过山丘 虽然已白了头\r\n喋喋不休 时不我予的哀愁\r\n还未如愿见着不朽\r\n就把自己先搞丢\r\n越过山丘 才发现无人等候\r\n喋喋不休 再也唤不回温柔\r\n为何记不得上一次是谁给的拥抱\r\n在什么时候\r\n我没有刻意隐藏 也无意让你感伤\r\n多少次我们无醉不欢\r\n咒骂人生太短 唏嘘相见恨晚\r\n让女人把妆哭花了 也不管\r\n遗憾我们从未成熟\r\n还没能晓得 就已经老了\r\n尽力却仍不明白\r\n身边的年轻人\r\n给自己随便找个理由\r\n向情爱的挑逗 命运的左右\r\n不自量力地还手 直至死方休\r\n越过山丘 虽然已白了头\r\n喋喋不休 时不我予的哀愁\r\n还未如愿见着不朽\r\n就把自己先搞丢\r\n越过山丘 才发现无人等候\r\n喋喋不休 再也唤不回了温柔\r\n为何记不得上一次是谁给的拥抱\r\n在什么时候\r\n越过山丘 虽然已白了头\r\n喋喋不休 时不我予的哀愁\r\n还未如愿见着不朽\r\n就把自己先搞丢\r\n越过山丘 才发现无人等候\r\n喋喋不休 再也唤不回了温柔\r\n为何记不得上一次是谁给的拥抱\r\n在什么时候\r\n喋喋不休 时不我予的哀愁\r\n向情爱的挑逗 命运的左右\r\n不自量力地还手 直至死方休\r\n为何记不得上一次是谁给的拥抱\r\n在什么时候', '/resources/images/zjh/example8.jpg', '0', null);
INSERT INTO `goods` VALUES ('125', '山丘12', 'c2834e965dd84d', '000000000049', '00000000067', '00000000055', null, '000000000000', '000000000028', '000000000017', '1836', '10', '2', null, '2017-05-18 20:37:31', null, '想说却还没说的 还很多\r\n攒着是因为想写成歌\r\n让人轻轻地唱着 淡淡地记着\r\n就算终于忘了 也值了\r\n说不定我一生涓滴意念\r\n侥幸汇成河\r\n然后我俩各自一端\r\n望着大河弯弯 终于敢放胆\r\n嘻皮笑脸 面对 人生的难\r\n也许我们从未成熟\r\n还没能晓得 就快要老了\r\n尽管心里活着的还是那个\r\n年轻人\r\n因为不安而频频回首\r\n无知地索求 羞耻于求救\r\n不知疲倦地翻越 每一个山丘\r\n越过山丘 虽然已白了头\r\n喋喋不休 时不我予的哀愁\r\n还未如愿见着不朽\r\n就把自己先搞丢\r\n越过山丘 才发现无人等候\r\n喋喋不休 再也唤不回温柔\r\n为何记不得上一次是谁给的拥抱\r\n在什么时候\r\n我没有刻意隐藏 也无意让你感伤\r\n多少次我们无醉不欢\r\n咒骂人生太短 唏嘘相见恨晚\r\n让女人把妆哭花了 也不管\r\n遗憾我们从未成熟\r\n还没能晓得 就已经老了\r\n尽力却仍不明白\r\n身边的年轻人\r\n给自己随便找个理由\r\n向情爱的挑逗 命运的左右\r\n不自量力地还手 直至死方休\r\n越过山丘 虽然已白了头\r\n喋喋不休 时不我予的哀愁\r\n还未如愿见着不朽\r\n就把自己先搞丢\r\n越过山丘 才发现无人等候\r\n喋喋不休 再也唤不回了温柔\r\n为何记不得上一次是谁给的拥抱\r\n在什么时候\r\n越过山丘 虽然已白了头\r\n喋喋不休 时不我予的哀愁\r\n还未如愿见着不朽\r\n就把自己先搞丢\r\n越过山丘 才发现无人等候\r\n喋喋不休 再也唤不回了温柔\r\n为何记不得上一次是谁给的拥抱\r\n在什么时候\r\n喋喋不休 时不我予的哀愁\r\n向情爱的挑逗 命运的左右\r\n不自量力地还手 直至死方休\r\n为何记不得上一次是谁给的拥抱\r\n在什么时候', '/resources/images/zjh/example27.jpg', '0', null);
INSERT INTO `goods` VALUES ('126', '山丘13', '14b59e9bf18b47', '000000000065', '00000000025', '00000000024', null, '000000000000', '000000000002', '000000000041', '674', '6', '10', null, '2017-05-18 20:37:31', null, '想说却还没说的 还很多\r\n攒着是因为想写成歌\r\n让人轻轻地唱着 淡淡地记着\r\n就算终于忘了 也值了\r\n说不定我一生涓滴意念\r\n侥幸汇成河\r\n然后我俩各自一端\r\n望着大河弯弯 终于敢放胆\r\n嘻皮笑脸 面对 人生的难\r\n也许我们从未成熟\r\n还没能晓得 就快要老了\r\n尽管心里活着的还是那个\r\n年轻人\r\n因为不安而频频回首\r\n无知地索求 羞耻于求救\r\n不知疲倦地翻越 每一个山丘\r\n越过山丘 虽然已白了头\r\n喋喋不休 时不我予的哀愁\r\n还未如愿见着不朽\r\n就把自己先搞丢\r\n越过山丘 才发现无人等候\r\n喋喋不休 再也唤不回温柔\r\n为何记不得上一次是谁给的拥抱\r\n在什么时候\r\n我没有刻意隐藏 也无意让你感伤\r\n多少次我们无醉不欢\r\n咒骂人生太短 唏嘘相见恨晚\r\n让女人把妆哭花了 也不管\r\n遗憾我们从未成熟\r\n还没能晓得 就已经老了\r\n尽力却仍不明白\r\n身边的年轻人\r\n给自己随便找个理由\r\n向情爱的挑逗 命运的左右\r\n不自量力地还手 直至死方休\r\n越过山丘 虽然已白了头\r\n喋喋不休 时不我予的哀愁\r\n还未如愿见着不朽\r\n就把自己先搞丢\r\n越过山丘 才发现无人等候\r\n喋喋不休 再也唤不回了温柔\r\n为何记不得上一次是谁给的拥抱\r\n在什么时候\r\n越过山丘 虽然已白了头\r\n喋喋不休 时不我予的哀愁\r\n还未如愿见着不朽\r\n就把自己先搞丢\r\n越过山丘 才发现无人等候\r\n喋喋不休 再也唤不回了温柔\r\n为何记不得上一次是谁给的拥抱\r\n在什么时候\r\n喋喋不休 时不我予的哀愁\r\n向情爱的挑逗 命运的左右\r\n不自量力地还手 直至死方休\r\n为何记不得上一次是谁给的拥抱\r\n在什么时候', '/resources/images/zjh/example26.jpg', '0', null);
INSERT INTO `goods` VALUES ('127', '山丘14', '69d69a062608453e', '000000000034', '00000000051', '00000000001', null, '000000000000', '000000000075', '000000000058', '1101', '10', '3', null, '2017-05-18 20:37:32', null, '想说却还没说的 还很多\r\n攒着是因为想写成歌\r\n让人轻轻地唱着 淡淡地记着\r\n就算终于忘了 也值了\r\n说不定我一生涓滴意念\r\n侥幸汇成河\r\n然后我俩各自一端\r\n望着大河弯弯 终于敢放胆\r\n嘻皮笑脸 面对 人生的难\r\n也许我们从未成熟\r\n还没能晓得 就快要老了\r\n尽管心里活着的还是那个\r\n年轻人\r\n因为不安而频频回首\r\n无知地索求 羞耻于求救\r\n不知疲倦地翻越 每一个山丘\r\n越过山丘 虽然已白了头\r\n喋喋不休 时不我予的哀愁\r\n还未如愿见着不朽\r\n就把自己先搞丢\r\n越过山丘 才发现无人等候\r\n喋喋不休 再也唤不回温柔\r\n为何记不得上一次是谁给的拥抱\r\n在什么时候\r\n我没有刻意隐藏 也无意让你感伤\r\n多少次我们无醉不欢\r\n咒骂人生太短 唏嘘相见恨晚\r\n让女人把妆哭花了 也不管\r\n遗憾我们从未成熟\r\n还没能晓得 就已经老了\r\n尽力却仍不明白\r\n身边的年轻人\r\n给自己随便找个理由\r\n向情爱的挑逗 命运的左右\r\n不自量力地还手 直至死方休\r\n越过山丘 虽然已白了头\r\n喋喋不休 时不我予的哀愁\r\n还未如愿见着不朽\r\n就把自己先搞丢\r\n越过山丘 才发现无人等候\r\n喋喋不休 再也唤不回了温柔\r\n为何记不得上一次是谁给的拥抱\r\n在什么时候\r\n越过山丘 虽然已白了头\r\n喋喋不休 时不我予的哀愁\r\n还未如愿见着不朽\r\n就把自己先搞丢\r\n越过山丘 才发现无人等候\r\n喋喋不休 再也唤不回了温柔\r\n为何记不得上一次是谁给的拥抱\r\n在什么时候\r\n喋喋不休 时不我予的哀愁\r\n向情爱的挑逗 命运的左右\r\n不自量力地还手 直至死方休\r\n为何记不得上一次是谁给的拥抱\r\n在什么时候', '/resources/images/zjh/example28.jpg', '0', null);
INSERT INTO `goods` VALUES ('128', '山丘15', 'c0775b2e4f9f48a1', '000000000061', '00000000105', '00000000001', null, '000000000000', '000000000049', '000000000086', '1763', '1', '3', null, '2017-05-18 20:37:32', null, '想说却还没说的 还很多\r\n攒着是因为想写成歌\r\n让人轻轻地唱着 淡淡地记着\r\n就算终于忘了 也值了\r\n说不定我一生涓滴意念\r\n侥幸汇成河\r\n然后我俩各自一端\r\n望着大河弯弯 终于敢放胆\r\n嘻皮笑脸 面对 人生的难\r\n也许我们从未成熟\r\n还没能晓得 就快要老了\r\n尽管心里活着的还是那个\r\n年轻人\r\n因为不安而频频回首\r\n无知地索求 羞耻于求救\r\n不知疲倦地翻越 每一个山丘\r\n越过山丘 虽然已白了头\r\n喋喋不休 时不我予的哀愁\r\n还未如愿见着不朽\r\n就把自己先搞丢\r\n越过山丘 才发现无人等候\r\n喋喋不休 再也唤不回温柔\r\n为何记不得上一次是谁给的拥抱\r\n在什么时候\r\n我没有刻意隐藏 也无意让你感伤\r\n多少次我们无醉不欢\r\n咒骂人生太短 唏嘘相见恨晚\r\n让女人把妆哭花了 也不管\r\n遗憾我们从未成熟\r\n还没能晓得 就已经老了\r\n尽力却仍不明白\r\n身边的年轻人\r\n给自己随便找个理由\r\n向情爱的挑逗 命运的左右\r\n不自量力地还手 直至死方休\r\n越过山丘 虽然已白了头\r\n喋喋不休 时不我予的哀愁\r\n还未如愿见着不朽\r\n就把自己先搞丢\r\n越过山丘 才发现无人等候\r\n喋喋不休 再也唤不回了温柔\r\n为何记不得上一次是谁给的拥抱\r\n在什么时候\r\n越过山丘 虽然已白了头\r\n喋喋不休 时不我予的哀愁\r\n还未如愿见着不朽\r\n就把自己先搞丢\r\n越过山丘 才发现无人等候\r\n喋喋不休 再也唤不回了温柔\r\n为何记不得上一次是谁给的拥抱\r\n在什么时候\r\n喋喋不休 时不我予的哀愁\r\n向情爱的挑逗 命运的左右\r\n不自量力地还手 直至死方休\r\n为何记不得上一次是谁给的拥抱\r\n在什么时候', '/resources/images/zjh/example23.jpg', '0', null);
INSERT INTO `goods` VALUES ('129', '山丘16', 'ecb153f82670428d', '000000000071', '00000000123', '00000000190', null, '000000000000', '000000000007', '000000000024', '992', '11', '9', null, '2017-05-18 20:37:32', null, '想说却还没说的 还很多\r\n攒着是因为想写成歌\r\n让人轻轻地唱着 淡淡地记着\r\n就算终于忘了 也值了\r\n说不定我一生涓滴意念\r\n侥幸汇成河\r\n然后我俩各自一端\r\n望着大河弯弯 终于敢放胆\r\n嘻皮笑脸 面对 人生的难\r\n也许我们从未成熟\r\n还没能晓得 就快要老了\r\n尽管心里活着的还是那个\r\n年轻人\r\n因为不安而频频回首\r\n无知地索求 羞耻于求救\r\n不知疲倦地翻越 每一个山丘\r\n越过山丘 虽然已白了头\r\n喋喋不休 时不我予的哀愁\r\n还未如愿见着不朽\r\n就把自己先搞丢\r\n越过山丘 才发现无人等候\r\n喋喋不休 再也唤不回温柔\r\n为何记不得上一次是谁给的拥抱\r\n在什么时候\r\n我没有刻意隐藏 也无意让你感伤\r\n多少次我们无醉不欢\r\n咒骂人生太短 唏嘘相见恨晚\r\n让女人把妆哭花了 也不管\r\n遗憾我们从未成熟\r\n还没能晓得 就已经老了\r\n尽力却仍不明白\r\n身边的年轻人\r\n给自己随便找个理由\r\n向情爱的挑逗 命运的左右\r\n不自量力地还手 直至死方休\r\n越过山丘 虽然已白了头\r\n喋喋不休 时不我予的哀愁\r\n还未如愿见着不朽\r\n就把自己先搞丢\r\n越过山丘 才发现无人等候\r\n喋喋不休 再也唤不回了温柔\r\n为何记不得上一次是谁给的拥抱\r\n在什么时候\r\n越过山丘 虽然已白了头\r\n喋喋不休 时不我予的哀愁\r\n还未如愿见着不朽\r\n就把自己先搞丢\r\n越过山丘 才发现无人等候\r\n喋喋不休 再也唤不回了温柔\r\n为何记不得上一次是谁给的拥抱\r\n在什么时候\r\n喋喋不休 时不我予的哀愁\r\n向情爱的挑逗 命运的左右\r\n不自量力地还手 直至死方休\r\n为何记不得上一次是谁给的拥抱\r\n在什么时候', '/resources/images/zjh/example17.jpg', '0', null);
INSERT INTO `goods` VALUES ('130', '山丘17', '3d914eb148164', '000000000052', '00000000057', '00000000026', null, '000000000000', '000000000028', '000000000079', '1386', '7', '4', null, '2017-05-18 20:37:32', null, '想说却还没说的 还很多\r\n攒着是因为想写成歌\r\n让人轻轻地唱着 淡淡地记着\r\n就算终于忘了 也值了\r\n说不定我一生涓滴意念\r\n侥幸汇成河\r\n然后我俩各自一端\r\n望着大河弯弯 终于敢放胆\r\n嘻皮笑脸 面对 人生的难\r\n也许我们从未成熟\r\n还没能晓得 就快要老了\r\n尽管心里活着的还是那个\r\n年轻人\r\n因为不安而频频回首\r\n无知地索求 羞耻于求救\r\n不知疲倦地翻越 每一个山丘\r\n越过山丘 虽然已白了头\r\n喋喋不休 时不我予的哀愁\r\n还未如愿见着不朽\r\n就把自己先搞丢\r\n越过山丘 才发现无人等候\r\n喋喋不休 再也唤不回温柔\r\n为何记不得上一次是谁给的拥抱\r\n在什么时候\r\n我没有刻意隐藏 也无意让你感伤\r\n多少次我们无醉不欢\r\n咒骂人生太短 唏嘘相见恨晚\r\n让女人把妆哭花了 也不管\r\n遗憾我们从未成熟\r\n还没能晓得 就已经老了\r\n尽力却仍不明白\r\n身边的年轻人\r\n给自己随便找个理由\r\n向情爱的挑逗 命运的左右\r\n不自量力地还手 直至死方休\r\n越过山丘 虽然已白了头\r\n喋喋不休 时不我予的哀愁\r\n还未如愿见着不朽\r\n就把自己先搞丢\r\n越过山丘 才发现无人等候\r\n喋喋不休 再也唤不回了温柔\r\n为何记不得上一次是谁给的拥抱\r\n在什么时候\r\n越过山丘 虽然已白了头\r\n喋喋不休 时不我予的哀愁\r\n还未如愿见着不朽\r\n就把自己先搞丢\r\n越过山丘 才发现无人等候\r\n喋喋不休 再也唤不回了温柔\r\n为何记不得上一次是谁给的拥抱\r\n在什么时候\r\n喋喋不休 时不我予的哀愁\r\n向情爱的挑逗 命运的左右\r\n不自量力地还手 直至死方休\r\n为何记不得上一次是谁给的拥抱\r\n在什么时候', '/resources/images/zjh/example3.jpg', '0', null);
INSERT INTO `goods` VALUES ('131', '山丘18', '218fd8194bbd467', '000000000085', '00000000174', '00000000090', null, '000000000000', '000000000099', '000000000053', '293', '1', '4', null, '2017-05-18 20:37:32', null, '想说却还没说的 还很多\r\n攒着是因为想写成歌\r\n让人轻轻地唱着 淡淡地记着\r\n就算终于忘了 也值了\r\n说不定我一生涓滴意念\r\n侥幸汇成河\r\n然后我俩各自一端\r\n望着大河弯弯 终于敢放胆\r\n嘻皮笑脸 面对 人生的难\r\n也许我们从未成熟\r\n还没能晓得 就快要老了\r\n尽管心里活着的还是那个\r\n年轻人\r\n因为不安而频频回首\r\n无知地索求 羞耻于求救\r\n不知疲倦地翻越 每一个山丘\r\n越过山丘 虽然已白了头\r\n喋喋不休 时不我予的哀愁\r\n还未如愿见着不朽\r\n就把自己先搞丢\r\n越过山丘 才发现无人等候\r\n喋喋不休 再也唤不回温柔\r\n为何记不得上一次是谁给的拥抱\r\n在什么时候\r\n我没有刻意隐藏 也无意让你感伤\r\n多少次我们无醉不欢\r\n咒骂人生太短 唏嘘相见恨晚\r\n让女人把妆哭花了 也不管\r\n遗憾我们从未成熟\r\n还没能晓得 就已经老了\r\n尽力却仍不明白\r\n身边的年轻人\r\n给自己随便找个理由\r\n向情爱的挑逗 命运的左右\r\n不自量力地还手 直至死方休\r\n越过山丘 虽然已白了头\r\n喋喋不休 时不我予的哀愁\r\n还未如愿见着不朽\r\n就把自己先搞丢\r\n越过山丘 才发现无人等候\r\n喋喋不休 再也唤不回了温柔\r\n为何记不得上一次是谁给的拥抱\r\n在什么时候\r\n越过山丘 虽然已白了头\r\n喋喋不休 时不我予的哀愁\r\n还未如愿见着不朽\r\n就把自己先搞丢\r\n越过山丘 才发现无人等候\r\n喋喋不休 再也唤不回了温柔\r\n为何记不得上一次是谁给的拥抱\r\n在什么时候\r\n喋喋不休 时不我予的哀愁\r\n向情爱的挑逗 命运的左右\r\n不自量力地还手 直至死方休\r\n为何记不得上一次是谁给的拥抱\r\n在什么时候', '/resources/images/zjh/example6.jpg', '0', null);
INSERT INTO `goods` VALUES ('132', '山丘19', '45c69055d6b242d', '000000000007', '00000000133', '00000000179', null, '000000000000', '000000000051', '000000000055', '382', '5', '6', null, '2017-05-18 20:37:32', null, '想说却还没说的 还很多\r\n攒着是因为想写成歌\r\n让人轻轻地唱着 淡淡地记着\r\n就算终于忘了 也值了\r\n说不定我一生涓滴意念\r\n侥幸汇成河\r\n然后我俩各自一端\r\n望着大河弯弯 终于敢放胆\r\n嘻皮笑脸 面对 人生的难\r\n也许我们从未成熟\r\n还没能晓得 就快要老了\r\n尽管心里活着的还是那个\r\n年轻人\r\n因为不安而频频回首\r\n无知地索求 羞耻于求救\r\n不知疲倦地翻越 每一个山丘\r\n越过山丘 虽然已白了头\r\n喋喋不休 时不我予的哀愁\r\n还未如愿见着不朽\r\n就把自己先搞丢\r\n越过山丘 才发现无人等候\r\n喋喋不休 再也唤不回温柔\r\n为何记不得上一次是谁给的拥抱\r\n在什么时候\r\n我没有刻意隐藏 也无意让你感伤\r\n多少次我们无醉不欢\r\n咒骂人生太短 唏嘘相见恨晚\r\n让女人把妆哭花了 也不管\r\n遗憾我们从未成熟\r\n还没能晓得 就已经老了\r\n尽力却仍不明白\r\n身边的年轻人\r\n给自己随便找个理由\r\n向情爱的挑逗 命运的左右\r\n不自量力地还手 直至死方休\r\n越过山丘 虽然已白了头\r\n喋喋不休 时不我予的哀愁\r\n还未如愿见着不朽\r\n就把自己先搞丢\r\n越过山丘 才发现无人等候\r\n喋喋不休 再也唤不回了温柔\r\n为何记不得上一次是谁给的拥抱\r\n在什么时候\r\n越过山丘 虽然已白了头\r\n喋喋不休 时不我予的哀愁\r\n还未如愿见着不朽\r\n就把自己先搞丢\r\n越过山丘 才发现无人等候\r\n喋喋不休 再也唤不回了温柔\r\n为何记不得上一次是谁给的拥抱\r\n在什么时候\r\n喋喋不休 时不我予的哀愁\r\n向情爱的挑逗 命运的左右\r\n不自量力地还手 直至死方休\r\n为何记不得上一次是谁给的拥抱\r\n在什么时候', '/resources/images/zjh/example24.jpg', '0', null);
INSERT INTO `goods` VALUES ('133', '山丘20', 'a3c4f896be8d481', '000000000003', '00000000059', '00000000120', null, '000000000000', '000000000065', '000000000012', '1084', '4', '2', null, '2017-05-18 20:37:32', null, '想说却还没说的 还很多\r\n攒着是因为想写成歌\r\n让人轻轻地唱着 淡淡地记着\r\n就算终于忘了 也值了\r\n说不定我一生涓滴意念\r\n侥幸汇成河\r\n然后我俩各自一端\r\n望着大河弯弯 终于敢放胆\r\n嘻皮笑脸 面对 人生的难\r\n也许我们从未成熟\r\n还没能晓得 就快要老了\r\n尽管心里活着的还是那个\r\n年轻人\r\n因为不安而频频回首\r\n无知地索求 羞耻于求救\r\n不知疲倦地翻越 每一个山丘\r\n越过山丘 虽然已白了头\r\n喋喋不休 时不我予的哀愁\r\n还未如愿见着不朽\r\n就把自己先搞丢\r\n越过山丘 才发现无人等候\r\n喋喋不休 再也唤不回温柔\r\n为何记不得上一次是谁给的拥抱\r\n在什么时候\r\n我没有刻意隐藏 也无意让你感伤\r\n多少次我们无醉不欢\r\n咒骂人生太短 唏嘘相见恨晚\r\n让女人把妆哭花了 也不管\r\n遗憾我们从未成熟\r\n还没能晓得 就已经老了\r\n尽力却仍不明白\r\n身边的年轻人\r\n给自己随便找个理由\r\n向情爱的挑逗 命运的左右\r\n不自量力地还手 直至死方休\r\n越过山丘 虽然已白了头\r\n喋喋不休 时不我予的哀愁\r\n还未如愿见着不朽\r\n就把自己先搞丢\r\n越过山丘 才发现无人等候\r\n喋喋不休 再也唤不回了温柔\r\n为何记不得上一次是谁给的拥抱\r\n在什么时候\r\n越过山丘 虽然已白了头\r\n喋喋不休 时不我予的哀愁\r\n还未如愿见着不朽\r\n就把自己先搞丢\r\n越过山丘 才发现无人等候\r\n喋喋不休 再也唤不回了温柔\r\n为何记不得上一次是谁给的拥抱\r\n在什么时候\r\n喋喋不休 时不我予的哀愁\r\n向情爱的挑逗 命运的左右\r\n不自量力地还手 直至死方休\r\n为何记不得上一次是谁给的拥抱\r\n在什么时候', '/resources/images/zjh/example30.jpg', '0', null);
INSERT INTO `goods` VALUES ('134', '山丘21', 'f53c0048ba224d', '000000000014', '00000000140', '00000000051', null, '000000000000', '000000000006', '000000000055', '1608', '2', '9', null, '2017-05-18 20:37:32', null, '想说却还没说的 还很多\r\n攒着是因为想写成歌\r\n让人轻轻地唱着 淡淡地记着\r\n就算终于忘了 也值了\r\n说不定我一生涓滴意念\r\n侥幸汇成河\r\n然后我俩各自一端\r\n望着大河弯弯 终于敢放胆\r\n嘻皮笑脸 面对 人生的难\r\n也许我们从未成熟\r\n还没能晓得 就快要老了\r\n尽管心里活着的还是那个\r\n年轻人\r\n因为不安而频频回首\r\n无知地索求 羞耻于求救\r\n不知疲倦地翻越 每一个山丘\r\n越过山丘 虽然已白了头\r\n喋喋不休 时不我予的哀愁\r\n还未如愿见着不朽\r\n就把自己先搞丢\r\n越过山丘 才发现无人等候\r\n喋喋不休 再也唤不回温柔\r\n为何记不得上一次是谁给的拥抱\r\n在什么时候\r\n我没有刻意隐藏 也无意让你感伤\r\n多少次我们无醉不欢\r\n咒骂人生太短 唏嘘相见恨晚\r\n让女人把妆哭花了 也不管\r\n遗憾我们从未成熟\r\n还没能晓得 就已经老了\r\n尽力却仍不明白\r\n身边的年轻人\r\n给自己随便找个理由\r\n向情爱的挑逗 命运的左右\r\n不自量力地还手 直至死方休\r\n越过山丘 虽然已白了头\r\n喋喋不休 时不我予的哀愁\r\n还未如愿见着不朽\r\n就把自己先搞丢\r\n越过山丘 才发现无人等候\r\n喋喋不休 再也唤不回了温柔\r\n为何记不得上一次是谁给的拥抱\r\n在什么时候\r\n越过山丘 虽然已白了头\r\n喋喋不休 时不我予的哀愁\r\n还未如愿见着不朽\r\n就把自己先搞丢\r\n越过山丘 才发现无人等候\r\n喋喋不休 再也唤不回了温柔\r\n为何记不得上一次是谁给的拥抱\r\n在什么时候\r\n喋喋不休 时不我予的哀愁\r\n向情爱的挑逗 命运的左右\r\n不自量力地还手 直至死方休\r\n为何记不得上一次是谁给的拥抱\r\n在什么时候', '/resources/images/zjh/example28.jpg', '0', null);
INSERT INTO `goods` VALUES ('135', '山丘22', '58674827e52049ba', '000000000033', '00000000170', '00000000126', null, '000000000000', '000000000019', '000000000073', '565', '10', '7', null, '2017-05-18 20:37:32', null, '想说却还没说的 还很多\r\n攒着是因为想写成歌\r\n让人轻轻地唱着 淡淡地记着\r\n就算终于忘了 也值了\r\n说不定我一生涓滴意念\r\n侥幸汇成河\r\n然后我俩各自一端\r\n望着大河弯弯 终于敢放胆\r\n嘻皮笑脸 面对 人生的难\r\n也许我们从未成熟\r\n还没能晓得 就快要老了\r\n尽管心里活着的还是那个\r\n年轻人\r\n因为不安而频频回首\r\n无知地索求 羞耻于求救\r\n不知疲倦地翻越 每一个山丘\r\n越过山丘 虽然已白了头\r\n喋喋不休 时不我予的哀愁\r\n还未如愿见着不朽\r\n就把自己先搞丢\r\n越过山丘 才发现无人等候\r\n喋喋不休 再也唤不回温柔\r\n为何记不得上一次是谁给的拥抱\r\n在什么时候\r\n我没有刻意隐藏 也无意让你感伤\r\n多少次我们无醉不欢\r\n咒骂人生太短 唏嘘相见恨晚\r\n让女人把妆哭花了 也不管\r\n遗憾我们从未成熟\r\n还没能晓得 就已经老了\r\n尽力却仍不明白\r\n身边的年轻人\r\n给自己随便找个理由\r\n向情爱的挑逗 命运的左右\r\n不自量力地还手 直至死方休\r\n越过山丘 虽然已白了头\r\n喋喋不休 时不我予的哀愁\r\n还未如愿见着不朽\r\n就把自己先搞丢\r\n越过山丘 才发现无人等候\r\n喋喋不休 再也唤不回了温柔\r\n为何记不得上一次是谁给的拥抱\r\n在什么时候\r\n越过山丘 虽然已白了头\r\n喋喋不休 时不我予的哀愁\r\n还未如愿见着不朽\r\n就把自己先搞丢\r\n越过山丘 才发现无人等候\r\n喋喋不休 再也唤不回了温柔\r\n为何记不得上一次是谁给的拥抱\r\n在什么时候\r\n喋喋不休 时不我予的哀愁\r\n向情爱的挑逗 命运的左右\r\n不自量力地还手 直至死方休\r\n为何记不得上一次是谁给的拥抱\r\n在什么时候', '/resources/images/zjh/example29.jpg', '0', null);
INSERT INTO `goods` VALUES ('136', '山丘23', '51f017fdf6594b4b', '000000000028', '00000000191', '00000000126', null, '000000000000', '000000000020', '000000000010', '516', '4', '8', null, '2017-05-18 20:37:32', null, '想说却还没说的 还很多\r\n攒着是因为想写成歌\r\n让人轻轻地唱着 淡淡地记着\r\n就算终于忘了 也值了\r\n说不定我一生涓滴意念\r\n侥幸汇成河\r\n然后我俩各自一端\r\n望着大河弯弯 终于敢放胆\r\n嘻皮笑脸 面对 人生的难\r\n也许我们从未成熟\r\n还没能晓得 就快要老了\r\n尽管心里活着的还是那个\r\n年轻人\r\n因为不安而频频回首\r\n无知地索求 羞耻于求救\r\n不知疲倦地翻越 每一个山丘\r\n越过山丘 虽然已白了头\r\n喋喋不休 时不我予的哀愁\r\n还未如愿见着不朽\r\n就把自己先搞丢\r\n越过山丘 才发现无人等候\r\n喋喋不休 再也唤不回温柔\r\n为何记不得上一次是谁给的拥抱\r\n在什么时候\r\n我没有刻意隐藏 也无意让你感伤\r\n多少次我们无醉不欢\r\n咒骂人生太短 唏嘘相见恨晚\r\n让女人把妆哭花了 也不管\r\n遗憾我们从未成熟\r\n还没能晓得 就已经老了\r\n尽力却仍不明白\r\n身边的年轻人\r\n给自己随便找个理由\r\n向情爱的挑逗 命运的左右\r\n不自量力地还手 直至死方休\r\n越过山丘 虽然已白了头\r\n喋喋不休 时不我予的哀愁\r\n还未如愿见着不朽\r\n就把自己先搞丢\r\n越过山丘 才发现无人等候\r\n喋喋不休 再也唤不回了温柔\r\n为何记不得上一次是谁给的拥抱\r\n在什么时候\r\n越过山丘 虽然已白了头\r\n喋喋不休 时不我予的哀愁\r\n还未如愿见着不朽\r\n就把自己先搞丢\r\n越过山丘 才发现无人等候\r\n喋喋不休 再也唤不回了温柔\r\n为何记不得上一次是谁给的拥抱\r\n在什么时候\r\n喋喋不休 时不我予的哀愁\r\n向情爱的挑逗 命运的左右\r\n不自量力地还手 直至死方休\r\n为何记不得上一次是谁给的拥抱\r\n在什么时候', '/resources/images/zjh/example3.jpg', '0', null);
INSERT INTO `goods` VALUES ('137', '山丘24', 'ee65f969b511472f', '000000000091', '00000000195', '00000000012', null, '000000000000', '000000000073', '000000000006', '1799', '4', '1', null, '2017-05-18 20:37:32', null, '想说却还没说的 还很多\r\n攒着是因为想写成歌\r\n让人轻轻地唱着 淡淡地记着\r\n就算终于忘了 也值了\r\n说不定我一生涓滴意念\r\n侥幸汇成河\r\n然后我俩各自一端\r\n望着大河弯弯 终于敢放胆\r\n嘻皮笑脸 面对 人生的难\r\n也许我们从未成熟\r\n还没能晓得 就快要老了\r\n尽管心里活着的还是那个\r\n年轻人\r\n因为不安而频频回首\r\n无知地索求 羞耻于求救\r\n不知疲倦地翻越 每一个山丘\r\n越过山丘 虽然已白了头\r\n喋喋不休 时不我予的哀愁\r\n还未如愿见着不朽\r\n就把自己先搞丢\r\n越过山丘 才发现无人等候\r\n喋喋不休 再也唤不回温柔\r\n为何记不得上一次是谁给的拥抱\r\n在什么时候\r\n我没有刻意隐藏 也无意让你感伤\r\n多少次我们无醉不欢\r\n咒骂人生太短 唏嘘相见恨晚\r\n让女人把妆哭花了 也不管\r\n遗憾我们从未成熟\r\n还没能晓得 就已经老了\r\n尽力却仍不明白\r\n身边的年轻人\r\n给自己随便找个理由\r\n向情爱的挑逗 命运的左右\r\n不自量力地还手 直至死方休\r\n越过山丘 虽然已白了头\r\n喋喋不休 时不我予的哀愁\r\n还未如愿见着不朽\r\n就把自己先搞丢\r\n越过山丘 才发现无人等候\r\n喋喋不休 再也唤不回了温柔\r\n为何记不得上一次是谁给的拥抱\r\n在什么时候\r\n越过山丘 虽然已白了头\r\n喋喋不休 时不我予的哀愁\r\n还未如愿见着不朽\r\n就把自己先搞丢\r\n越过山丘 才发现无人等候\r\n喋喋不休 再也唤不回了温柔\r\n为何记不得上一次是谁给的拥抱\r\n在什么时候\r\n喋喋不休 时不我予的哀愁\r\n向情爱的挑逗 命运的左右\r\n不自量力地还手 直至死方休\r\n为何记不得上一次是谁给的拥抱\r\n在什么时候', '/resources/images/zjh/example16.jpg', '0', null);
INSERT INTO `goods` VALUES ('138', '山丘25', '3b99038ab2c04127a', '000000000007', '00000000192', '00000000120', null, '000000000000', '000000000059', '000000000012', '1981', '2', '7', null, '2017-05-18 20:37:32', null, '想说却还没说的 还很多\r\n攒着是因为想写成歌\r\n让人轻轻地唱着 淡淡地记着\r\n就算终于忘了 也值了\r\n说不定我一生涓滴意念\r\n侥幸汇成河\r\n然后我俩各自一端\r\n望着大河弯弯 终于敢放胆\r\n嘻皮笑脸 面对 人生的难\r\n也许我们从未成熟\r\n还没能晓得 就快要老了\r\n尽管心里活着的还是那个\r\n年轻人\r\n因为不安而频频回首\r\n无知地索求 羞耻于求救\r\n不知疲倦地翻越 每一个山丘\r\n越过山丘 虽然已白了头\r\n喋喋不休 时不我予的哀愁\r\n还未如愿见着不朽\r\n就把自己先搞丢\r\n越过山丘 才发现无人等候\r\n喋喋不休 再也唤不回温柔\r\n为何记不得上一次是谁给的拥抱\r\n在什么时候\r\n我没有刻意隐藏 也无意让你感伤\r\n多少次我们无醉不欢\r\n咒骂人生太短 唏嘘相见恨晚\r\n让女人把妆哭花了 也不管\r\n遗憾我们从未成熟\r\n还没能晓得 就已经老了\r\n尽力却仍不明白\r\n身边的年轻人\r\n给自己随便找个理由\r\n向情爱的挑逗 命运的左右\r\n不自量力地还手 直至死方休\r\n越过山丘 虽然已白了头\r\n喋喋不休 时不我予的哀愁\r\n还未如愿见着不朽\r\n就把自己先搞丢\r\n越过山丘 才发现无人等候\r\n喋喋不休 再也唤不回了温柔\r\n为何记不得上一次是谁给的拥抱\r\n在什么时候\r\n越过山丘 虽然已白了头\r\n喋喋不休 时不我予的哀愁\r\n还未如愿见着不朽\r\n就把自己先搞丢\r\n越过山丘 才发现无人等候\r\n喋喋不休 再也唤不回了温柔\r\n为何记不得上一次是谁给的拥抱\r\n在什么时候\r\n喋喋不休 时不我予的哀愁\r\n向情爱的挑逗 命运的左右\r\n不自量力地还手 直至死方休\r\n为何记不得上一次是谁给的拥抱\r\n在什么时候', '/resources/images/zjh/example20.jpg', '0', null);
INSERT INTO `goods` VALUES ('139', '山丘26', '1b261f9086ab41ef', '000000000006', '00000000187', '00000000052', null, '000000000000', '000000000022', '000000000046', '1910', '11', '6', null, '2017-05-18 20:37:32', null, '想说却还没说的 还很多\r\n攒着是因为想写成歌\r\n让人轻轻地唱着 淡淡地记着\r\n就算终于忘了 也值了\r\n说不定我一生涓滴意念\r\n侥幸汇成河\r\n然后我俩各自一端\r\n望着大河弯弯 终于敢放胆\r\n嘻皮笑脸 面对 人生的难\r\n也许我们从未成熟\r\n还没能晓得 就快要老了\r\n尽管心里活着的还是那个\r\n年轻人\r\n因为不安而频频回首\r\n无知地索求 羞耻于求救\r\n不知疲倦地翻越 每一个山丘\r\n越过山丘 虽然已白了头\r\n喋喋不休 时不我予的哀愁\r\n还未如愿见着不朽\r\n就把自己先搞丢\r\n越过山丘 才发现无人等候\r\n喋喋不休 再也唤不回温柔\r\n为何记不得上一次是谁给的拥抱\r\n在什么时候\r\n我没有刻意隐藏 也无意让你感伤\r\n多少次我们无醉不欢\r\n咒骂人生太短 唏嘘相见恨晚\r\n让女人把妆哭花了 也不管\r\n遗憾我们从未成熟\r\n还没能晓得 就已经老了\r\n尽力却仍不明白\r\n身边的年轻人\r\n给自己随便找个理由\r\n向情爱的挑逗 命运的左右\r\n不自量力地还手 直至死方休\r\n越过山丘 虽然已白了头\r\n喋喋不休 时不我予的哀愁\r\n还未如愿见着不朽\r\n就把自己先搞丢\r\n越过山丘 才发现无人等候\r\n喋喋不休 再也唤不回了温柔\r\n为何记不得上一次是谁给的拥抱\r\n在什么时候\r\n越过山丘 虽然已白了头\r\n喋喋不休 时不我予的哀愁\r\n还未如愿见着不朽\r\n就把自己先搞丢\r\n越过山丘 才发现无人等候\r\n喋喋不休 再也唤不回了温柔\r\n为何记不得上一次是谁给的拥抱\r\n在什么时候\r\n喋喋不休 时不我予的哀愁\r\n向情爱的挑逗 命运的左右\r\n不自量力地还手 直至死方休\r\n为何记不得上一次是谁给的拥抱\r\n在什么时候', '/resources/images/zjh/example7.jpg', '0', null);
INSERT INTO `goods` VALUES ('140', '山丘27', '1ec06a9f17bc41f0', '000000000089', '00000000029', '00000000066', null, '000000000000', '000000000088', '000000000061', '869', '4', '8', null, '2017-05-18 20:37:32', null, '想说却还没说的 还很多\r\n攒着是因为想写成歌\r\n让人轻轻地唱着 淡淡地记着\r\n就算终于忘了 也值了\r\n说不定我一生涓滴意念\r\n侥幸汇成河\r\n然后我俩各自一端\r\n望着大河弯弯 终于敢放胆\r\n嘻皮笑脸 面对 人生的难\r\n也许我们从未成熟\r\n还没能晓得 就快要老了\r\n尽管心里活着的还是那个\r\n年轻人\r\n因为不安而频频回首\r\n无知地索求 羞耻于求救\r\n不知疲倦地翻越 每一个山丘\r\n越过山丘 虽然已白了头\r\n喋喋不休 时不我予的哀愁\r\n还未如愿见着不朽\r\n就把自己先搞丢\r\n越过山丘 才发现无人等候\r\n喋喋不休 再也唤不回温柔\r\n为何记不得上一次是谁给的拥抱\r\n在什么时候\r\n我没有刻意隐藏 也无意让你感伤\r\n多少次我们无醉不欢\r\n咒骂人生太短 唏嘘相见恨晚\r\n让女人把妆哭花了 也不管\r\n遗憾我们从未成熟\r\n还没能晓得 就已经老了\r\n尽力却仍不明白\r\n身边的年轻人\r\n给自己随便找个理由\r\n向情爱的挑逗 命运的左右\r\n不自量力地还手 直至死方休\r\n越过山丘 虽然已白了头\r\n喋喋不休 时不我予的哀愁\r\n还未如愿见着不朽\r\n就把自己先搞丢\r\n越过山丘 才发现无人等候\r\n喋喋不休 再也唤不回了温柔\r\n为何记不得上一次是谁给的拥抱\r\n在什么时候\r\n越过山丘 虽然已白了头\r\n喋喋不休 时不我予的哀愁\r\n还未如愿见着不朽\r\n就把自己先搞丢\r\n越过山丘 才发现无人等候\r\n喋喋不休 再也唤不回了温柔\r\n为何记不得上一次是谁给的拥抱\r\n在什么时候\r\n喋喋不休 时不我予的哀愁\r\n向情爱的挑逗 命运的左右\r\n不自量力地还手 直至死方休\r\n为何记不得上一次是谁给的拥抱\r\n在什么时候', '/resources/images/zjh/example24.jpg', '0', null);
INSERT INTO `goods` VALUES ('141', '山丘28', 'a04cd40e3c3b479f', '000000000051', '00000000159', '00000000186', null, '000000000000', '000000000012', '000000000006', '155', '1', '8', null, '2017-05-18 20:37:32', null, '想说却还没说的 还很多\r\n攒着是因为想写成歌\r\n让人轻轻地唱着 淡淡地记着\r\n就算终于忘了 也值了\r\n说不定我一生涓滴意念\r\n侥幸汇成河\r\n然后我俩各自一端\r\n望着大河弯弯 终于敢放胆\r\n嘻皮笑脸 面对 人生的难\r\n也许我们从未成熟\r\n还没能晓得 就快要老了\r\n尽管心里活着的还是那个\r\n年轻人\r\n因为不安而频频回首\r\n无知地索求 羞耻于求救\r\n不知疲倦地翻越 每一个山丘\r\n越过山丘 虽然已白了头\r\n喋喋不休 时不我予的哀愁\r\n还未如愿见着不朽\r\n就把自己先搞丢\r\n越过山丘 才发现无人等候\r\n喋喋不休 再也唤不回温柔\r\n为何记不得上一次是谁给的拥抱\r\n在什么时候\r\n我没有刻意隐藏 也无意让你感伤\r\n多少次我们无醉不欢\r\n咒骂人生太短 唏嘘相见恨晚\r\n让女人把妆哭花了 也不管\r\n遗憾我们从未成熟\r\n还没能晓得 就已经老了\r\n尽力却仍不明白\r\n身边的年轻人\r\n给自己随便找个理由\r\n向情爱的挑逗 命运的左右\r\n不自量力地还手 直至死方休\r\n越过山丘 虽然已白了头\r\n喋喋不休 时不我予的哀愁\r\n还未如愿见着不朽\r\n就把自己先搞丢\r\n越过山丘 才发现无人等候\r\n喋喋不休 再也唤不回了温柔\r\n为何记不得上一次是谁给的拥抱\r\n在什么时候\r\n越过山丘 虽然已白了头\r\n喋喋不休 时不我予的哀愁\r\n还未如愿见着不朽\r\n就把自己先搞丢\r\n越过山丘 才发现无人等候\r\n喋喋不休 再也唤不回了温柔\r\n为何记不得上一次是谁给的拥抱\r\n在什么时候\r\n喋喋不休 时不我予的哀愁\r\n向情爱的挑逗 命运的左右\r\n不自量力地还手 直至死方休\r\n为何记不得上一次是谁给的拥抱\r\n在什么时候', '/resources/images/zjh/example16.jpg', '0', null);
INSERT INTO `goods` VALUES ('142', '山丘29', '4ff05fe6a7c148328', '000000000048', '00000000051', '00000000051', null, '000000000000', '000000000059', '000000000059', '315', '2', '1', null, '2017-05-18 20:37:32', null, '想说却还没说的 还很多\r\n攒着是因为想写成歌\r\n让人轻轻地唱着 淡淡地记着\r\n就算终于忘了 也值了\r\n说不定我一生涓滴意念\r\n侥幸汇成河\r\n然后我俩各自一端\r\n望着大河弯弯 终于敢放胆\r\n嘻皮笑脸 面对 人生的难\r\n也许我们从未成熟\r\n还没能晓得 就快要老了\r\n尽管心里活着的还是那个\r\n年轻人\r\n因为不安而频频回首\r\n无知地索求 羞耻于求救\r\n不知疲倦地翻越 每一个山丘\r\n越过山丘 虽然已白了头\r\n喋喋不休 时不我予的哀愁\r\n还未如愿见着不朽\r\n就把自己先搞丢\r\n越过山丘 才发现无人等候\r\n喋喋不休 再也唤不回温柔\r\n为何记不得上一次是谁给的拥抱\r\n在什么时候\r\n我没有刻意隐藏 也无意让你感伤\r\n多少次我们无醉不欢\r\n咒骂人生太短 唏嘘相见恨晚\r\n让女人把妆哭花了 也不管\r\n遗憾我们从未成熟\r\n还没能晓得 就已经老了\r\n尽力却仍不明白\r\n身边的年轻人\r\n给自己随便找个理由\r\n向情爱的挑逗 命运的左右\r\n不自量力地还手 直至死方休\r\n越过山丘 虽然已白了头\r\n喋喋不休 时不我予的哀愁\r\n还未如愿见着不朽\r\n就把自己先搞丢\r\n越过山丘 才发现无人等候\r\n喋喋不休 再也唤不回了温柔\r\n为何记不得上一次是谁给的拥抱\r\n在什么时候\r\n越过山丘 虽然已白了头\r\n喋喋不休 时不我予的哀愁\r\n还未如愿见着不朽\r\n就把自己先搞丢\r\n越过山丘 才发现无人等候\r\n喋喋不休 再也唤不回了温柔\r\n为何记不得上一次是谁给的拥抱\r\n在什么时候\r\n喋喋不休 时不我予的哀愁\r\n向情爱的挑逗 命运的左右\r\n不自量力地还手 直至死方休\r\n为何记不得上一次是谁给的拥抱\r\n在什么时候', '/resources/images/zjh/example18.jpg', '0', null);
INSERT INTO `goods` VALUES ('143', '山丘30', 'ddf6599a243f49fa8', '000000000033', '00000000039', '00000000084', null, '000000000000', '000000000024', '000000000093', '1137', '1', '10', null, '2017-05-18 20:37:32', null, '想说却还没说的 还很多\r\n攒着是因为想写成歌\r\n让人轻轻地唱着 淡淡地记着\r\n就算终于忘了 也值了\r\n说不定我一生涓滴意念\r\n侥幸汇成河\r\n然后我俩各自一端\r\n望着大河弯弯 终于敢放胆\r\n嘻皮笑脸 面对 人生的难\r\n也许我们从未成熟\r\n还没能晓得 就快要老了\r\n尽管心里活着的还是那个\r\n年轻人\r\n因为不安而频频回首\r\n无知地索求 羞耻于求救\r\n不知疲倦地翻越 每一个山丘\r\n越过山丘 虽然已白了头\r\n喋喋不休 时不我予的哀愁\r\n还未如愿见着不朽\r\n就把自己先搞丢\r\n越过山丘 才发现无人等候\r\n喋喋不休 再也唤不回温柔\r\n为何记不得上一次是谁给的拥抱\r\n在什么时候\r\n我没有刻意隐藏 也无意让你感伤\r\n多少次我们无醉不欢\r\n咒骂人生太短 唏嘘相见恨晚\r\n让女人把妆哭花了 也不管\r\n遗憾我们从未成熟\r\n还没能晓得 就已经老了\r\n尽力却仍不明白\r\n身边的年轻人\r\n给自己随便找个理由\r\n向情爱的挑逗 命运的左右\r\n不自量力地还手 直至死方休\r\n越过山丘 虽然已白了头\r\n喋喋不休 时不我予的哀愁\r\n还未如愿见着不朽\r\n就把自己先搞丢\r\n越过山丘 才发现无人等候\r\n喋喋不休 再也唤不回了温柔\r\n为何记不得上一次是谁给的拥抱\r\n在什么时候\r\n越过山丘 虽然已白了头\r\n喋喋不休 时不我予的哀愁\r\n还未如愿见着不朽\r\n就把自己先搞丢\r\n越过山丘 才发现无人等候\r\n喋喋不休 再也唤不回了温柔\r\n为何记不得上一次是谁给的拥抱\r\n在什么时候\r\n喋喋不休 时不我予的哀愁\r\n向情爱的挑逗 命运的左右\r\n不自量力地还手 直至死方休\r\n为何记不得上一次是谁给的拥抱\r\n在什么时候', '/resources/images/zjh/example18.jpg', '0', null);
INSERT INTO `goods` VALUES ('144', '山丘31', '8c6e56d968934dae', '000000000009', '00000000068', '00000000158', null, '000000000000', '000000000004', '000000000074', '1156', '8', '4', null, '2017-05-18 20:37:32', null, '想说却还没说的 还很多\r\n攒着是因为想写成歌\r\n让人轻轻地唱着 淡淡地记着\r\n就算终于忘了 也值了\r\n说不定我一生涓滴意念\r\n侥幸汇成河\r\n然后我俩各自一端\r\n望着大河弯弯 终于敢放胆\r\n嘻皮笑脸 面对 人生的难\r\n也许我们从未成熟\r\n还没能晓得 就快要老了\r\n尽管心里活着的还是那个\r\n年轻人\r\n因为不安而频频回首\r\n无知地索求 羞耻于求救\r\n不知疲倦地翻越 每一个山丘\r\n越过山丘 虽然已白了头\r\n喋喋不休 时不我予的哀愁\r\n还未如愿见着不朽\r\n就把自己先搞丢\r\n越过山丘 才发现无人等候\r\n喋喋不休 再也唤不回温柔\r\n为何记不得上一次是谁给的拥抱\r\n在什么时候\r\n我没有刻意隐藏 也无意让你感伤\r\n多少次我们无醉不欢\r\n咒骂人生太短 唏嘘相见恨晚\r\n让女人把妆哭花了 也不管\r\n遗憾我们从未成熟\r\n还没能晓得 就已经老了\r\n尽力却仍不明白\r\n身边的年轻人\r\n给自己随便找个理由\r\n向情爱的挑逗 命运的左右\r\n不自量力地还手 直至死方休\r\n越过山丘 虽然已白了头\r\n喋喋不休 时不我予的哀愁\r\n还未如愿见着不朽\r\n就把自己先搞丢\r\n越过山丘 才发现无人等候\r\n喋喋不休 再也唤不回了温柔\r\n为何记不得上一次是谁给的拥抱\r\n在什么时候\r\n越过山丘 虽然已白了头\r\n喋喋不休 时不我予的哀愁\r\n还未如愿见着不朽\r\n就把自己先搞丢\r\n越过山丘 才发现无人等候\r\n喋喋不休 再也唤不回了温柔\r\n为何记不得上一次是谁给的拥抱\r\n在什么时候\r\n喋喋不休 时不我予的哀愁\r\n向情爱的挑逗 命运的左右\r\n不自量力地还手 直至死方休\r\n为何记不得上一次是谁给的拥抱\r\n在什么时候', '/resources/images/zjh/example20.jpg', '0', null);
INSERT INTO `goods` VALUES ('145', '山丘32', 'e57d142b338b48cf8', '000000000097', '00000000117', '00000000161', null, '000000000000', '000000000088', '000000000051', '1042', '2', '9', null, '2017-05-18 20:37:32', null, '想说却还没说的 还很多\r\n攒着是因为想写成歌\r\n让人轻轻地唱着 淡淡地记着\r\n就算终于忘了 也值了\r\n说不定我一生涓滴意念\r\n侥幸汇成河\r\n然后我俩各自一端\r\n望着大河弯弯 终于敢放胆\r\n嘻皮笑脸 面对 人生的难\r\n也许我们从未成熟\r\n还没能晓得 就快要老了\r\n尽管心里活着的还是那个\r\n年轻人\r\n因为不安而频频回首\r\n无知地索求 羞耻于求救\r\n不知疲倦地翻越 每一个山丘\r\n越过山丘 虽然已白了头\r\n喋喋不休 时不我予的哀愁\r\n还未如愿见着不朽\r\n就把自己先搞丢\r\n越过山丘 才发现无人等候\r\n喋喋不休 再也唤不回温柔\r\n为何记不得上一次是谁给的拥抱\r\n在什么时候\r\n我没有刻意隐藏 也无意让你感伤\r\n多少次我们无醉不欢\r\n咒骂人生太短 唏嘘相见恨晚\r\n让女人把妆哭花了 也不管\r\n遗憾我们从未成熟\r\n还没能晓得 就已经老了\r\n尽力却仍不明白\r\n身边的年轻人\r\n给自己随便找个理由\r\n向情爱的挑逗 命运的左右\r\n不自量力地还手 直至死方休\r\n越过山丘 虽然已白了头\r\n喋喋不休 时不我予的哀愁\r\n还未如愿见着不朽\r\n就把自己先搞丢\r\n越过山丘 才发现无人等候\r\n喋喋不休 再也唤不回了温柔\r\n为何记不得上一次是谁给的拥抱\r\n在什么时候\r\n越过山丘 虽然已白了头\r\n喋喋不休 时不我予的哀愁\r\n还未如愿见着不朽\r\n就把自己先搞丢\r\n越过山丘 才发现无人等候\r\n喋喋不休 再也唤不回了温柔\r\n为何记不得上一次是谁给的拥抱\r\n在什么时候\r\n喋喋不休 时不我予的哀愁\r\n向情爱的挑逗 命运的左右\r\n不自量力地还手 直至死方休\r\n为何记不得上一次是谁给的拥抱\r\n在什么时候', '/resources/images/zjh/example9.jpg', '0', null);
INSERT INTO `goods` VALUES ('146', '山丘33', 'a09599e55ad04343', '000000000037', '00000000075', '00000000137', null, '000000000000', '000000000064', '000000000021', '1827', '5', '2', null, '2017-05-18 20:37:32', null, '想说却还没说的 还很多\r\n攒着是因为想写成歌\r\n让人轻轻地唱着 淡淡地记着\r\n就算终于忘了 也值了\r\n说不定我一生涓滴意念\r\n侥幸汇成河\r\n然后我俩各自一端\r\n望着大河弯弯 终于敢放胆\r\n嘻皮笑脸 面对 人生的难\r\n也许我们从未成熟\r\n还没能晓得 就快要老了\r\n尽管心里活着的还是那个\r\n年轻人\r\n因为不安而频频回首\r\n无知地索求 羞耻于求救\r\n不知疲倦地翻越 每一个山丘\r\n越过山丘 虽然已白了头\r\n喋喋不休 时不我予的哀愁\r\n还未如愿见着不朽\r\n就把自己先搞丢\r\n越过山丘 才发现无人等候\r\n喋喋不休 再也唤不回温柔\r\n为何记不得上一次是谁给的拥抱\r\n在什么时候\r\n我没有刻意隐藏 也无意让你感伤\r\n多少次我们无醉不欢\r\n咒骂人生太短 唏嘘相见恨晚\r\n让女人把妆哭花了 也不管\r\n遗憾我们从未成熟\r\n还没能晓得 就已经老了\r\n尽力却仍不明白\r\n身边的年轻人\r\n给自己随便找个理由\r\n向情爱的挑逗 命运的左右\r\n不自量力地还手 直至死方休\r\n越过山丘 虽然已白了头\r\n喋喋不休 时不我予的哀愁\r\n还未如愿见着不朽\r\n就把自己先搞丢\r\n越过山丘 才发现无人等候\r\n喋喋不休 再也唤不回了温柔\r\n为何记不得上一次是谁给的拥抱\r\n在什么时候\r\n越过山丘 虽然已白了头\r\n喋喋不休 时不我予的哀愁\r\n还未如愿见着不朽\r\n就把自己先搞丢\r\n越过山丘 才发现无人等候\r\n喋喋不休 再也唤不回了温柔\r\n为何记不得上一次是谁给的拥抱\r\n在什么时候\r\n喋喋不休 时不我予的哀愁\r\n向情爱的挑逗 命运的左右\r\n不自量力地还手 直至死方休\r\n为何记不得上一次是谁给的拥抱\r\n在什么时候', '/resources/images/zjh/example24.jpg', '0', null);
INSERT INTO `goods` VALUES ('147', '山丘34', '91cef83dbcf444aa', '000000000010', '00000000164', '00000000196', null, '000000000000', '000000000072', '000000000015', '1311', '6', '7', null, '2017-05-18 20:37:32', null, '想说却还没说的 还很多\r\n攒着是因为想写成歌\r\n让人轻轻地唱着 淡淡地记着\r\n就算终于忘了 也值了\r\n说不定我一生涓滴意念\r\n侥幸汇成河\r\n然后我俩各自一端\r\n望着大河弯弯 终于敢放胆\r\n嘻皮笑脸 面对 人生的难\r\n也许我们从未成熟\r\n还没能晓得 就快要老了\r\n尽管心里活着的还是那个\r\n年轻人\r\n因为不安而频频回首\r\n无知地索求 羞耻于求救\r\n不知疲倦地翻越 每一个山丘\r\n越过山丘 虽然已白了头\r\n喋喋不休 时不我予的哀愁\r\n还未如愿见着不朽\r\n就把自己先搞丢\r\n越过山丘 才发现无人等候\r\n喋喋不休 再也唤不回温柔\r\n为何记不得上一次是谁给的拥抱\r\n在什么时候\r\n我没有刻意隐藏 也无意让你感伤\r\n多少次我们无醉不欢\r\n咒骂人生太短 唏嘘相见恨晚\r\n让女人把妆哭花了 也不管\r\n遗憾我们从未成熟\r\n还没能晓得 就已经老了\r\n尽力却仍不明白\r\n身边的年轻人\r\n给自己随便找个理由\r\n向情爱的挑逗 命运的左右\r\n不自量力地还手 直至死方休\r\n越过山丘 虽然已白了头\r\n喋喋不休 时不我予的哀愁\r\n还未如愿见着不朽\r\n就把自己先搞丢\r\n越过山丘 才发现无人等候\r\n喋喋不休 再也唤不回了温柔\r\n为何记不得上一次是谁给的拥抱\r\n在什么时候\r\n越过山丘 虽然已白了头\r\n喋喋不休 时不我予的哀愁\r\n还未如愿见着不朽\r\n就把自己先搞丢\r\n越过山丘 才发现无人等候\r\n喋喋不休 再也唤不回了温柔\r\n为何记不得上一次是谁给的拥抱\r\n在什么时候\r\n喋喋不休 时不我予的哀愁\r\n向情爱的挑逗 命运的左右\r\n不自量力地还手 直至死方休\r\n为何记不得上一次是谁给的拥抱\r\n在什么时候', '/resources/images/zjh/example20.jpg', '0', null);
INSERT INTO `goods` VALUES ('148', '山丘35', 'd409cfd6163f4', '000000000053', '00000000179', '00000000162', null, '000000000000', '000000000012', '000000000066', '338', '10', '9', null, '2017-05-18 20:37:32', null, '想说却还没说的 还很多\r\n攒着是因为想写成歌\r\n让人轻轻地唱着 淡淡地记着\r\n就算终于忘了 也值了\r\n说不定我一生涓滴意念\r\n侥幸汇成河\r\n然后我俩各自一端\r\n望着大河弯弯 终于敢放胆\r\n嘻皮笑脸 面对 人生的难\r\n也许我们从未成熟\r\n还没能晓得 就快要老了\r\n尽管心里活着的还是那个\r\n年轻人\r\n因为不安而频频回首\r\n无知地索求 羞耻于求救\r\n不知疲倦地翻越 每一个山丘\r\n越过山丘 虽然已白了头\r\n喋喋不休 时不我予的哀愁\r\n还未如愿见着不朽\r\n就把自己先搞丢\r\n越过山丘 才发现无人等候\r\n喋喋不休 再也唤不回温柔\r\n为何记不得上一次是谁给的拥抱\r\n在什么时候\r\n我没有刻意隐藏 也无意让你感伤\r\n多少次我们无醉不欢\r\n咒骂人生太短 唏嘘相见恨晚\r\n让女人把妆哭花了 也不管\r\n遗憾我们从未成熟\r\n还没能晓得 就已经老了\r\n尽力却仍不明白\r\n身边的年轻人\r\n给自己随便找个理由\r\n向情爱的挑逗 命运的左右\r\n不自量力地还手 直至死方休\r\n越过山丘 虽然已白了头\r\n喋喋不休 时不我予的哀愁\r\n还未如愿见着不朽\r\n就把自己先搞丢\r\n越过山丘 才发现无人等候\r\n喋喋不休 再也唤不回了温柔\r\n为何记不得上一次是谁给的拥抱\r\n在什么时候\r\n越过山丘 虽然已白了头\r\n喋喋不休 时不我予的哀愁\r\n还未如愿见着不朽\r\n就把自己先搞丢\r\n越过山丘 才发现无人等候\r\n喋喋不休 再也唤不回了温柔\r\n为何记不得上一次是谁给的拥抱\r\n在什么时候\r\n喋喋不休 时不我予的哀愁\r\n向情爱的挑逗 命运的左右\r\n不自量力地还手 直至死方休\r\n为何记不得上一次是谁给的拥抱\r\n在什么时候', '/resources/images/zjh/example8.jpg', '0', null);
INSERT INTO `goods` VALUES ('149', '山丘36', '0a6fff660793450', '000000000095', '00000000074', '00000000113', null, '000000000000', '000000000033', '000000000081', '1558', '2', '10', null, '2017-05-18 20:37:32', null, '想说却还没说的 还很多\r\n攒着是因为想写成歌\r\n让人轻轻地唱着 淡淡地记着\r\n就算终于忘了 也值了\r\n说不定我一生涓滴意念\r\n侥幸汇成河\r\n然后我俩各自一端\r\n望着大河弯弯 终于敢放胆\r\n嘻皮笑脸 面对 人生的难\r\n也许我们从未成熟\r\n还没能晓得 就快要老了\r\n尽管心里活着的还是那个\r\n年轻人\r\n因为不安而频频回首\r\n无知地索求 羞耻于求救\r\n不知疲倦地翻越 每一个山丘\r\n越过山丘 虽然已白了头\r\n喋喋不休 时不我予的哀愁\r\n还未如愿见着不朽\r\n就把自己先搞丢\r\n越过山丘 才发现无人等候\r\n喋喋不休 再也唤不回温柔\r\n为何记不得上一次是谁给的拥抱\r\n在什么时候\r\n我没有刻意隐藏 也无意让你感伤\r\n多少次我们无醉不欢\r\n咒骂人生太短 唏嘘相见恨晚\r\n让女人把妆哭花了 也不管\r\n遗憾我们从未成熟\r\n还没能晓得 就已经老了\r\n尽力却仍不明白\r\n身边的年轻人\r\n给自己随便找个理由\r\n向情爱的挑逗 命运的左右\r\n不自量力地还手 直至死方休\r\n越过山丘 虽然已白了头\r\n喋喋不休 时不我予的哀愁\r\n还未如愿见着不朽\r\n就把自己先搞丢\r\n越过山丘 才发现无人等候\r\n喋喋不休 再也唤不回了温柔\r\n为何记不得上一次是谁给的拥抱\r\n在什么时候\r\n越过山丘 虽然已白了头\r\n喋喋不休 时不我予的哀愁\r\n还未如愿见着不朽\r\n就把自己先搞丢\r\n越过山丘 才发现无人等候\r\n喋喋不休 再也唤不回了温柔\r\n为何记不得上一次是谁给的拥抱\r\n在什么时候\r\n喋喋不休 时不我予的哀愁\r\n向情爱的挑逗 命运的左右\r\n不自量力地还手 直至死方休\r\n为何记不得上一次是谁给的拥抱\r\n在什么时候', '/resources/images/zjh/example4.jpg', '0', null);
INSERT INTO `goods` VALUES ('150', '山丘37', 'e212f42b3526439d', '000000000009', '00000000092', '00000000115', null, '000000000000', '000000000028', '000000000093', '87', '7', '8', null, '2017-05-18 20:37:32', null, '想说却还没说的 还很多\r\n攒着是因为想写成歌\r\n让人轻轻地唱着 淡淡地记着\r\n就算终于忘了 也值了\r\n说不定我一生涓滴意念\r\n侥幸汇成河\r\n然后我俩各自一端\r\n望着大河弯弯 终于敢放胆\r\n嘻皮笑脸 面对 人生的难\r\n也许我们从未成熟\r\n还没能晓得 就快要老了\r\n尽管心里活着的还是那个\r\n年轻人\r\n因为不安而频频回首\r\n无知地索求 羞耻于求救\r\n不知疲倦地翻越 每一个山丘\r\n越过山丘 虽然已白了头\r\n喋喋不休 时不我予的哀愁\r\n还未如愿见着不朽\r\n就把自己先搞丢\r\n越过山丘 才发现无人等候\r\n喋喋不休 再也唤不回温柔\r\n为何记不得上一次是谁给的拥抱\r\n在什么时候\r\n我没有刻意隐藏 也无意让你感伤\r\n多少次我们无醉不欢\r\n咒骂人生太短 唏嘘相见恨晚\r\n让女人把妆哭花了 也不管\r\n遗憾我们从未成熟\r\n还没能晓得 就已经老了\r\n尽力却仍不明白\r\n身边的年轻人\r\n给自己随便找个理由\r\n向情爱的挑逗 命运的左右\r\n不自量力地还手 直至死方休\r\n越过山丘 虽然已白了头\r\n喋喋不休 时不我予的哀愁\r\n还未如愿见着不朽\r\n就把自己先搞丢\r\n越过山丘 才发现无人等候\r\n喋喋不休 再也唤不回了温柔\r\n为何记不得上一次是谁给的拥抱\r\n在什么时候\r\n越过山丘 虽然已白了头\r\n喋喋不休 时不我予的哀愁\r\n还未如愿见着不朽\r\n就把自己先搞丢\r\n越过山丘 才发现无人等候\r\n喋喋不休 再也唤不回了温柔\r\n为何记不得上一次是谁给的拥抱\r\n在什么时候\r\n喋喋不休 时不我予的哀愁\r\n向情爱的挑逗 命运的左右\r\n不自量力地还手 直至死方休\r\n为何记不得上一次是谁给的拥抱\r\n在什么时候', '/resources/images/zjh/example26.jpg', '0', null);
INSERT INTO `goods` VALUES ('151', '山丘38', 'ac172774c58f4753', '000000000085', '00000000151', '00000000037', null, '000000000000', '000000000009', '000000000065', '330', '3', '1', null, '2017-05-18 20:37:32', null, '想说却还没说的 还很多\r\n攒着是因为想写成歌\r\n让人轻轻地唱着 淡淡地记着\r\n就算终于忘了 也值了\r\n说不定我一生涓滴意念\r\n侥幸汇成河\r\n然后我俩各自一端\r\n望着大河弯弯 终于敢放胆\r\n嘻皮笑脸 面对 人生的难\r\n也许我们从未成熟\r\n还没能晓得 就快要老了\r\n尽管心里活着的还是那个\r\n年轻人\r\n因为不安而频频回首\r\n无知地索求 羞耻于求救\r\n不知疲倦地翻越 每一个山丘\r\n越过山丘 虽然已白了头\r\n喋喋不休 时不我予的哀愁\r\n还未如愿见着不朽\r\n就把自己先搞丢\r\n越过山丘 才发现无人等候\r\n喋喋不休 再也唤不回温柔\r\n为何记不得上一次是谁给的拥抱\r\n在什么时候\r\n我没有刻意隐藏 也无意让你感伤\r\n多少次我们无醉不欢\r\n咒骂人生太短 唏嘘相见恨晚\r\n让女人把妆哭花了 也不管\r\n遗憾我们从未成熟\r\n还没能晓得 就已经老了\r\n尽力却仍不明白\r\n身边的年轻人\r\n给自己随便找个理由\r\n向情爱的挑逗 命运的左右\r\n不自量力地还手 直至死方休\r\n越过山丘 虽然已白了头\r\n喋喋不休 时不我予的哀愁\r\n还未如愿见着不朽\r\n就把自己先搞丢\r\n越过山丘 才发现无人等候\r\n喋喋不休 再也唤不回了温柔\r\n为何记不得上一次是谁给的拥抱\r\n在什么时候\r\n越过山丘 虽然已白了头\r\n喋喋不休 时不我予的哀愁\r\n还未如愿见着不朽\r\n就把自己先搞丢\r\n越过山丘 才发现无人等候\r\n喋喋不休 再也唤不回了温柔\r\n为何记不得上一次是谁给的拥抱\r\n在什么时候\r\n喋喋不休 时不我予的哀愁\r\n向情爱的挑逗 命运的左右\r\n不自量力地还手 直至死方休\r\n为何记不得上一次是谁给的拥抱\r\n在什么时候', '/resources/images/zjh/example13.jpg', '0', null);
INSERT INTO `goods` VALUES ('152', '山丘39', '6ef587f3ccb14fd7', '000000000087', '00000000174', '00000000166', null, '000000000000', '000000000089', '000000000064', '1184', '2', '7', null, '2017-05-18 20:37:32', null, '想说却还没说的 还很多\r\n攒着是因为想写成歌\r\n让人轻轻地唱着 淡淡地记着\r\n就算终于忘了 也值了\r\n说不定我一生涓滴意念\r\n侥幸汇成河\r\n然后我俩各自一端\r\n望着大河弯弯 终于敢放胆\r\n嘻皮笑脸 面对 人生的难\r\n也许我们从未成熟\r\n还没能晓得 就快要老了\r\n尽管心里活着的还是那个\r\n年轻人\r\n因为不安而频频回首\r\n无知地索求 羞耻于求救\r\n不知疲倦地翻越 每一个山丘\r\n越过山丘 虽然已白了头\r\n喋喋不休 时不我予的哀愁\r\n还未如愿见着不朽\r\n就把自己先搞丢\r\n越过山丘 才发现无人等候\r\n喋喋不休 再也唤不回温柔\r\n为何记不得上一次是谁给的拥抱\r\n在什么时候\r\n我没有刻意隐藏 也无意让你感伤\r\n多少次我们无醉不欢\r\n咒骂人生太短 唏嘘相见恨晚\r\n让女人把妆哭花了 也不管\r\n遗憾我们从未成熟\r\n还没能晓得 就已经老了\r\n尽力却仍不明白\r\n身边的年轻人\r\n给自己随便找个理由\r\n向情爱的挑逗 命运的左右\r\n不自量力地还手 直至死方休\r\n越过山丘 虽然已白了头\r\n喋喋不休 时不我予的哀愁\r\n还未如愿见着不朽\r\n就把自己先搞丢\r\n越过山丘 才发现无人等候\r\n喋喋不休 再也唤不回了温柔\r\n为何记不得上一次是谁给的拥抱\r\n在什么时候\r\n越过山丘 虽然已白了头\r\n喋喋不休 时不我予的哀愁\r\n还未如愿见着不朽\r\n就把自己先搞丢\r\n越过山丘 才发现无人等候\r\n喋喋不休 再也唤不回了温柔\r\n为何记不得上一次是谁给的拥抱\r\n在什么时候\r\n喋喋不休 时不我予的哀愁\r\n向情爱的挑逗 命运的左右\r\n不自量力地还手 直至死方休\r\n为何记不得上一次是谁给的拥抱\r\n在什么时候', '/resources/images/zjh/example14.jpg', '0', null);
INSERT INTO `goods` VALUES ('153', '山丘40', '0862d133d6fc40738', '000000000011', '00000000012', '00000000033', null, '000000000000', '000000000059', '000000000043', '239', '9', '3', null, '2017-05-18 20:37:32', null, '想说却还没说的 还很多\r\n攒着是因为想写成歌\r\n让人轻轻地唱着 淡淡地记着\r\n就算终于忘了 也值了\r\n说不定我一生涓滴意念\r\n侥幸汇成河\r\n然后我俩各自一端\r\n望着大河弯弯 终于敢放胆\r\n嘻皮笑脸 面对 人生的难\r\n也许我们从未成熟\r\n还没能晓得 就快要老了\r\n尽管心里活着的还是那个\r\n年轻人\r\n因为不安而频频回首\r\n无知地索求 羞耻于求救\r\n不知疲倦地翻越 每一个山丘\r\n越过山丘 虽然已白了头\r\n喋喋不休 时不我予的哀愁\r\n还未如愿见着不朽\r\n就把自己先搞丢\r\n越过山丘 才发现无人等候\r\n喋喋不休 再也唤不回温柔\r\n为何记不得上一次是谁给的拥抱\r\n在什么时候\r\n我没有刻意隐藏 也无意让你感伤\r\n多少次我们无醉不欢\r\n咒骂人生太短 唏嘘相见恨晚\r\n让女人把妆哭花了 也不管\r\n遗憾我们从未成熟\r\n还没能晓得 就已经老了\r\n尽力却仍不明白\r\n身边的年轻人\r\n给自己随便找个理由\r\n向情爱的挑逗 命运的左右\r\n不自量力地还手 直至死方休\r\n越过山丘 虽然已白了头\r\n喋喋不休 时不我予的哀愁\r\n还未如愿见着不朽\r\n就把自己先搞丢\r\n越过山丘 才发现无人等候\r\n喋喋不休 再也唤不回了温柔\r\n为何记不得上一次是谁给的拥抱\r\n在什么时候\r\n越过山丘 虽然已白了头\r\n喋喋不休 时不我予的哀愁\r\n还未如愿见着不朽\r\n就把自己先搞丢\r\n越过山丘 才发现无人等候\r\n喋喋不休 再也唤不回了温柔\r\n为何记不得上一次是谁给的拥抱\r\n在什么时候\r\n喋喋不休 时不我予的哀愁\r\n向情爱的挑逗 命运的左右\r\n不自量力地还手 直至死方休\r\n为何记不得上一次是谁给的拥抱\r\n在什么时候', '/resources/images/zjh/example5.jpg', '0', null);
INSERT INTO `goods` VALUES ('154', '山丘41', '9bc8dec0e30946e', '000000000006', '00000000188', '00000000152', null, '000000000000', '000000000091', '000000000057', '920', '2', '5', null, '2017-05-18 20:37:32', null, '想说却还没说的 还很多\r\n攒着是因为想写成歌\r\n让人轻轻地唱着 淡淡地记着\r\n就算终于忘了 也值了\r\n说不定我一生涓滴意念\r\n侥幸汇成河\r\n然后我俩各自一端\r\n望着大河弯弯 终于敢放胆\r\n嘻皮笑脸 面对 人生的难\r\n也许我们从未成熟\r\n还没能晓得 就快要老了\r\n尽管心里活着的还是那个\r\n年轻人\r\n因为不安而频频回首\r\n无知地索求 羞耻于求救\r\n不知疲倦地翻越 每一个山丘\r\n越过山丘 虽然已白了头\r\n喋喋不休 时不我予的哀愁\r\n还未如愿见着不朽\r\n就把自己先搞丢\r\n越过山丘 才发现无人等候\r\n喋喋不休 再也唤不回温柔\r\n为何记不得上一次是谁给的拥抱\r\n在什么时候\r\n我没有刻意隐藏 也无意让你感伤\r\n多少次我们无醉不欢\r\n咒骂人生太短 唏嘘相见恨晚\r\n让女人把妆哭花了 也不管\r\n遗憾我们从未成熟\r\n还没能晓得 就已经老了\r\n尽力却仍不明白\r\n身边的年轻人\r\n给自己随便找个理由\r\n向情爱的挑逗 命运的左右\r\n不自量力地还手 直至死方休\r\n越过山丘 虽然已白了头\r\n喋喋不休 时不我予的哀愁\r\n还未如愿见着不朽\r\n就把自己先搞丢\r\n越过山丘 才发现无人等候\r\n喋喋不休 再也唤不回了温柔\r\n为何记不得上一次是谁给的拥抱\r\n在什么时候\r\n越过山丘 虽然已白了头\r\n喋喋不休 时不我予的哀愁\r\n还未如愿见着不朽\r\n就把自己先搞丢\r\n越过山丘 才发现无人等候\r\n喋喋不休 再也唤不回了温柔\r\n为何记不得上一次是谁给的拥抱\r\n在什么时候\r\n喋喋不休 时不我予的哀愁\r\n向情爱的挑逗 命运的左右\r\n不自量力地还手 直至死方休\r\n为何记不得上一次是谁给的拥抱\r\n在什么时候', '/resources/images/zjh/example21.jpg', '0', null);
INSERT INTO `goods` VALUES ('155', '山丘42', 'f54cd8b8752d4c2cb84', '000000000017', '00000000037', '00000000110', null, '000000000000', '000000000093', '000000000086', '796', '6', '8', null, '2017-05-18 20:37:32', null, '想说却还没说的 还很多\r\n攒着是因为想写成歌\r\n让人轻轻地唱着 淡淡地记着\r\n就算终于忘了 也值了\r\n说不定我一生涓滴意念\r\n侥幸汇成河\r\n然后我俩各自一端\r\n望着大河弯弯 终于敢放胆\r\n嘻皮笑脸 面对 人生的难\r\n也许我们从未成熟\r\n还没能晓得 就快要老了\r\n尽管心里活着的还是那个\r\n年轻人\r\n因为不安而频频回首\r\n无知地索求 羞耻于求救\r\n不知疲倦地翻越 每一个山丘\r\n越过山丘 虽然已白了头\r\n喋喋不休 时不我予的哀愁\r\n还未如愿见着不朽\r\n就把自己先搞丢\r\n越过山丘 才发现无人等候\r\n喋喋不休 再也唤不回温柔\r\n为何记不得上一次是谁给的拥抱\r\n在什么时候\r\n我没有刻意隐藏 也无意让你感伤\r\n多少次我们无醉不欢\r\n咒骂人生太短 唏嘘相见恨晚\r\n让女人把妆哭花了 也不管\r\n遗憾我们从未成熟\r\n还没能晓得 就已经老了\r\n尽力却仍不明白\r\n身边的年轻人\r\n给自己随便找个理由\r\n向情爱的挑逗 命运的左右\r\n不自量力地还手 直至死方休\r\n越过山丘 虽然已白了头\r\n喋喋不休 时不我予的哀愁\r\n还未如愿见着不朽\r\n就把自己先搞丢\r\n越过山丘 才发现无人等候\r\n喋喋不休 再也唤不回了温柔\r\n为何记不得上一次是谁给的拥抱\r\n在什么时候\r\n越过山丘 虽然已白了头\r\n喋喋不休 时不我予的哀愁\r\n还未如愿见着不朽\r\n就把自己先搞丢\r\n越过山丘 才发现无人等候\r\n喋喋不休 再也唤不回了温柔\r\n为何记不得上一次是谁给的拥抱\r\n在什么时候\r\n喋喋不休 时不我予的哀愁\r\n向情爱的挑逗 命运的左右\r\n不自量力地还手 直至死方休\r\n为何记不得上一次是谁给的拥抱\r\n在什么时候', '/resources/images/zjh/example30.jpg', '0', null);
INSERT INTO `goods` VALUES ('156', '山丘43', 'c7eaf22d175e43b8', '000000000036', '00000000155', '00000000080', null, '000000000000', '000000000005', '000000000065', '1936', '10', '1', null, '2017-05-18 20:37:33', null, '想说却还没说的 还很多\r\n攒着是因为想写成歌\r\n让人轻轻地唱着 淡淡地记着\r\n就算终于忘了 也值了\r\n说不定我一生涓滴意念\r\n侥幸汇成河\r\n然后我俩各自一端\r\n望着大河弯弯 终于敢放胆\r\n嘻皮笑脸 面对 人生的难\r\n也许我们从未成熟\r\n还没能晓得 就快要老了\r\n尽管心里活着的还是那个\r\n年轻人\r\n因为不安而频频回首\r\n无知地索求 羞耻于求救\r\n不知疲倦地翻越 每一个山丘\r\n越过山丘 虽然已白了头\r\n喋喋不休 时不我予的哀愁\r\n还未如愿见着不朽\r\n就把自己先搞丢\r\n越过山丘 才发现无人等候\r\n喋喋不休 再也唤不回温柔\r\n为何记不得上一次是谁给的拥抱\r\n在什么时候\r\n我没有刻意隐藏 也无意让你感伤\r\n多少次我们无醉不欢\r\n咒骂人生太短 唏嘘相见恨晚\r\n让女人把妆哭花了 也不管\r\n遗憾我们从未成熟\r\n还没能晓得 就已经老了\r\n尽力却仍不明白\r\n身边的年轻人\r\n给自己随便找个理由\r\n向情爱的挑逗 命运的左右\r\n不自量力地还手 直至死方休\r\n越过山丘 虽然已白了头\r\n喋喋不休 时不我予的哀愁\r\n还未如愿见着不朽\r\n就把自己先搞丢\r\n越过山丘 才发现无人等候\r\n喋喋不休 再也唤不回了温柔\r\n为何记不得上一次是谁给的拥抱\r\n在什么时候\r\n越过山丘 虽然已白了头\r\n喋喋不休 时不我予的哀愁\r\n还未如愿见着不朽\r\n就把自己先搞丢\r\n越过山丘 才发现无人等候\r\n喋喋不休 再也唤不回了温柔\r\n为何记不得上一次是谁给的拥抱\r\n在什么时候\r\n喋喋不休 时不我予的哀愁\r\n向情爱的挑逗 命运的左右\r\n不自量力地还手 直至死方休\r\n为何记不得上一次是谁给的拥抱\r\n在什么时候', '/resources/images/zjh/example25.jpg', '0', null);
INSERT INTO `goods` VALUES ('157', '山丘44', '1276b409097c414a', '000000000023', '00000000136', '00000000064', null, '000000000000', '000000000065', '000000000020', '1272', '10', '10', null, '2017-05-18 20:37:33', null, '想说却还没说的 还很多\r\n攒着是因为想写成歌\r\n让人轻轻地唱着 淡淡地记着\r\n就算终于忘了 也值了\r\n说不定我一生涓滴意念\r\n侥幸汇成河\r\n然后我俩各自一端\r\n望着大河弯弯 终于敢放胆\r\n嘻皮笑脸 面对 人生的难\r\n也许我们从未成熟\r\n还没能晓得 就快要老了\r\n尽管心里活着的还是那个\r\n年轻人\r\n因为不安而频频回首\r\n无知地索求 羞耻于求救\r\n不知疲倦地翻越 每一个山丘\r\n越过山丘 虽然已白了头\r\n喋喋不休 时不我予的哀愁\r\n还未如愿见着不朽\r\n就把自己先搞丢\r\n越过山丘 才发现无人等候\r\n喋喋不休 再也唤不回温柔\r\n为何记不得上一次是谁给的拥抱\r\n在什么时候\r\n我没有刻意隐藏 也无意让你感伤\r\n多少次我们无醉不欢\r\n咒骂人生太短 唏嘘相见恨晚\r\n让女人把妆哭花了 也不管\r\n遗憾我们从未成熟\r\n还没能晓得 就已经老了\r\n尽力却仍不明白\r\n身边的年轻人\r\n给自己随便找个理由\r\n向情爱的挑逗 命运的左右\r\n不自量力地还手 直至死方休\r\n越过山丘 虽然已白了头\r\n喋喋不休 时不我予的哀愁\r\n还未如愿见着不朽\r\n就把自己先搞丢\r\n越过山丘 才发现无人等候\r\n喋喋不休 再也唤不回了温柔\r\n为何记不得上一次是谁给的拥抱\r\n在什么时候\r\n越过山丘 虽然已白了头\r\n喋喋不休 时不我予的哀愁\r\n还未如愿见着不朽\r\n就把自己先搞丢\r\n越过山丘 才发现无人等候\r\n喋喋不休 再也唤不回了温柔\r\n为何记不得上一次是谁给的拥抱\r\n在什么时候\r\n喋喋不休 时不我予的哀愁\r\n向情爱的挑逗 命运的左右\r\n不自量力地还手 直至死方休\r\n为何记不得上一次是谁给的拥抱\r\n在什么时候', '/resources/images/zjh/example14.jpg', '0', null);
INSERT INTO `goods` VALUES ('158', '山丘45', '88e8c7c779a8452a', '000000000021', '00000000105', '00000000151', null, '000000000000', '000000000009', '000000000017', '1640', '1', '10', null, '2017-05-18 20:37:33', null, '想说却还没说的 还很多\r\n攒着是因为想写成歌\r\n让人轻轻地唱着 淡淡地记着\r\n就算终于忘了 也值了\r\n说不定我一生涓滴意念\r\n侥幸汇成河\r\n然后我俩各自一端\r\n望着大河弯弯 终于敢放胆\r\n嘻皮笑脸 面对 人生的难\r\n也许我们从未成熟\r\n还没能晓得 就快要老了\r\n尽管心里活着的还是那个\r\n年轻人\r\n因为不安而频频回首\r\n无知地索求 羞耻于求救\r\n不知疲倦地翻越 每一个山丘\r\n越过山丘 虽然已白了头\r\n喋喋不休 时不我予的哀愁\r\n还未如愿见着不朽\r\n就把自己先搞丢\r\n越过山丘 才发现无人等候\r\n喋喋不休 再也唤不回温柔\r\n为何记不得上一次是谁给的拥抱\r\n在什么时候\r\n我没有刻意隐藏 也无意让你感伤\r\n多少次我们无醉不欢\r\n咒骂人生太短 唏嘘相见恨晚\r\n让女人把妆哭花了 也不管\r\n遗憾我们从未成熟\r\n还没能晓得 就已经老了\r\n尽力却仍不明白\r\n身边的年轻人\r\n给自己随便找个理由\r\n向情爱的挑逗 命运的左右\r\n不自量力地还手 直至死方休\r\n越过山丘 虽然已白了头\r\n喋喋不休 时不我予的哀愁\r\n还未如愿见着不朽\r\n就把自己先搞丢\r\n越过山丘 才发现无人等候\r\n喋喋不休 再也唤不回了温柔\r\n为何记不得上一次是谁给的拥抱\r\n在什么时候\r\n越过山丘 虽然已白了头\r\n喋喋不休 时不我予的哀愁\r\n还未如愿见着不朽\r\n就把自己先搞丢\r\n越过山丘 才发现无人等候\r\n喋喋不休 再也唤不回了温柔\r\n为何记不得上一次是谁给的拥抱\r\n在什么时候\r\n喋喋不休 时不我予的哀愁\r\n向情爱的挑逗 命运的左右\r\n不自量力地还手 直至死方休\r\n为何记不得上一次是谁给的拥抱\r\n在什么时候', '/resources/images/zjh/example24.jpg', '0', null);
INSERT INTO `goods` VALUES ('159', '山丘46', '43741a57a59f4222b', '000000000084', '00000000069', '00000000078', null, '000000000000', '000000000068', '000000000077', '1582', '4', '7', null, '2017-05-18 20:37:33', null, '想说却还没说的 还很多\r\n攒着是因为想写成歌\r\n让人轻轻地唱着 淡淡地记着\r\n就算终于忘了 也值了\r\n说不定我一生涓滴意念\r\n侥幸汇成河\r\n然后我俩各自一端\r\n望着大河弯弯 终于敢放胆\r\n嘻皮笑脸 面对 人生的难\r\n也许我们从未成熟\r\n还没能晓得 就快要老了\r\n尽管心里活着的还是那个\r\n年轻人\r\n因为不安而频频回首\r\n无知地索求 羞耻于求救\r\n不知疲倦地翻越 每一个山丘\r\n越过山丘 虽然已白了头\r\n喋喋不休 时不我予的哀愁\r\n还未如愿见着不朽\r\n就把自己先搞丢\r\n越过山丘 才发现无人等候\r\n喋喋不休 再也唤不回温柔\r\n为何记不得上一次是谁给的拥抱\r\n在什么时候\r\n我没有刻意隐藏 也无意让你感伤\r\n多少次我们无醉不欢\r\n咒骂人生太短 唏嘘相见恨晚\r\n让女人把妆哭花了 也不管\r\n遗憾我们从未成熟\r\n还没能晓得 就已经老了\r\n尽力却仍不明白\r\n身边的年轻人\r\n给自己随便找个理由\r\n向情爱的挑逗 命运的左右\r\n不自量力地还手 直至死方休\r\n越过山丘 虽然已白了头\r\n喋喋不休 时不我予的哀愁\r\n还未如愿见着不朽\r\n就把自己先搞丢\r\n越过山丘 才发现无人等候\r\n喋喋不休 再也唤不回了温柔\r\n为何记不得上一次是谁给的拥抱\r\n在什么时候\r\n越过山丘 虽然已白了头\r\n喋喋不休 时不我予的哀愁\r\n还未如愿见着不朽\r\n就把自己先搞丢\r\n越过山丘 才发现无人等候\r\n喋喋不休 再也唤不回了温柔\r\n为何记不得上一次是谁给的拥抱\r\n在什么时候\r\n喋喋不休 时不我予的哀愁\r\n向情爱的挑逗 命运的左右\r\n不自量力地还手 直至死方休\r\n为何记不得上一次是谁给的拥抱\r\n在什么时候', '/resources/images/zjh/example19.jpg', '0', null);
INSERT INTO `goods` VALUES ('160', '山丘47', '8d63aa9c78624cef', '000000000069', '00000000192', '00000000057', null, '000000000000', '000000000045', '000000000002', '660', '4', '6', null, '2017-05-18 20:37:33', null, '想说却还没说的 还很多\r\n攒着是因为想写成歌\r\n让人轻轻地唱着 淡淡地记着\r\n就算终于忘了 也值了\r\n说不定我一生涓滴意念\r\n侥幸汇成河\r\n然后我俩各自一端\r\n望着大河弯弯 终于敢放胆\r\n嘻皮笑脸 面对 人生的难\r\n也许我们从未成熟\r\n还没能晓得 就快要老了\r\n尽管心里活着的还是那个\r\n年轻人\r\n因为不安而频频回首\r\n无知地索求 羞耻于求救\r\n不知疲倦地翻越 每一个山丘\r\n越过山丘 虽然已白了头\r\n喋喋不休 时不我予的哀愁\r\n还未如愿见着不朽\r\n就把自己先搞丢\r\n越过山丘 才发现无人等候\r\n喋喋不休 再也唤不回温柔\r\n为何记不得上一次是谁给的拥抱\r\n在什么时候\r\n我没有刻意隐藏 也无意让你感伤\r\n多少次我们无醉不欢\r\n咒骂人生太短 唏嘘相见恨晚\r\n让女人把妆哭花了 也不管\r\n遗憾我们从未成熟\r\n还没能晓得 就已经老了\r\n尽力却仍不明白\r\n身边的年轻人\r\n给自己随便找个理由\r\n向情爱的挑逗 命运的左右\r\n不自量力地还手 直至死方休\r\n越过山丘 虽然已白了头\r\n喋喋不休 时不我予的哀愁\r\n还未如愿见着不朽\r\n就把自己先搞丢\r\n越过山丘 才发现无人等候\r\n喋喋不休 再也唤不回了温柔\r\n为何记不得上一次是谁给的拥抱\r\n在什么时候\r\n越过山丘 虽然已白了头\r\n喋喋不休 时不我予的哀愁\r\n还未如愿见着不朽\r\n就把自己先搞丢\r\n越过山丘 才发现无人等候\r\n喋喋不休 再也唤不回了温柔\r\n为何记不得上一次是谁给的拥抱\r\n在什么时候\r\n喋喋不休 时不我予的哀愁\r\n向情爱的挑逗 命运的左右\r\n不自量力地还手 直至死方休\r\n为何记不得上一次是谁给的拥抱\r\n在什么时候', '/resources/images/zjh/example9.jpg', '0', null);
INSERT INTO `goods` VALUES ('161', '山丘48', '2c44fa5bd1a9434', '000000000093', '00000000053', '00000000143', null, '000000000000', '000000000007', '000000000062', '1529', '10', '2', null, '2017-05-18 20:37:33', null, '想说却还没说的 还很多\r\n攒着是因为想写成歌\r\n让人轻轻地唱着 淡淡地记着\r\n就算终于忘了 也值了\r\n说不定我一生涓滴意念\r\n侥幸汇成河\r\n然后我俩各自一端\r\n望着大河弯弯 终于敢放胆\r\n嘻皮笑脸 面对 人生的难\r\n也许我们从未成熟\r\n还没能晓得 就快要老了\r\n尽管心里活着的还是那个\r\n年轻人\r\n因为不安而频频回首\r\n无知地索求 羞耻于求救\r\n不知疲倦地翻越 每一个山丘\r\n越过山丘 虽然已白了头\r\n喋喋不休 时不我予的哀愁\r\n还未如愿见着不朽\r\n就把自己先搞丢\r\n越过山丘 才发现无人等候\r\n喋喋不休 再也唤不回温柔\r\n为何记不得上一次是谁给的拥抱\r\n在什么时候\r\n我没有刻意隐藏 也无意让你感伤\r\n多少次我们无醉不欢\r\n咒骂人生太短 唏嘘相见恨晚\r\n让女人把妆哭花了 也不管\r\n遗憾我们从未成熟\r\n还没能晓得 就已经老了\r\n尽力却仍不明白\r\n身边的年轻人\r\n给自己随便找个理由\r\n向情爱的挑逗 命运的左右\r\n不自量力地还手 直至死方休\r\n越过山丘 虽然已白了头\r\n喋喋不休 时不我予的哀愁\r\n还未如愿见着不朽\r\n就把自己先搞丢\r\n越过山丘 才发现无人等候\r\n喋喋不休 再也唤不回了温柔\r\n为何记不得上一次是谁给的拥抱\r\n在什么时候\r\n越过山丘 虽然已白了头\r\n喋喋不休 时不我予的哀愁\r\n还未如愿见着不朽\r\n就把自己先搞丢\r\n越过山丘 才发现无人等候\r\n喋喋不休 再也唤不回了温柔\r\n为何记不得上一次是谁给的拥抱\r\n在什么时候\r\n喋喋不休 时不我予的哀愁\r\n向情爱的挑逗 命运的左右\r\n不自量力地还手 直至死方休\r\n为何记不得上一次是谁给的拥抱\r\n在什么时候', '/resources/images/zjh/example21.jpg', '0', null);
INSERT INTO `goods` VALUES ('162', '山丘49', 'a7758e93cfae4e5c', '000000000053', '00000000113', '00000000153', null, '000000000000', '000000000007', '000000000071', '760', '10', '6', null, '2017-05-18 20:37:33', null, '想说却还没说的 还很多\r\n攒着是因为想写成歌\r\n让人轻轻地唱着 淡淡地记着\r\n就算终于忘了 也值了\r\n说不定我一生涓滴意念\r\n侥幸汇成河\r\n然后我俩各自一端\r\n望着大河弯弯 终于敢放胆\r\n嘻皮笑脸 面对 人生的难\r\n也许我们从未成熟\r\n还没能晓得 就快要老了\r\n尽管心里活着的还是那个\r\n年轻人\r\n因为不安而频频回首\r\n无知地索求 羞耻于求救\r\n不知疲倦地翻越 每一个山丘\r\n越过山丘 虽然已白了头\r\n喋喋不休 时不我予的哀愁\r\n还未如愿见着不朽\r\n就把自己先搞丢\r\n越过山丘 才发现无人等候\r\n喋喋不休 再也唤不回温柔\r\n为何记不得上一次是谁给的拥抱\r\n在什么时候\r\n我没有刻意隐藏 也无意让你感伤\r\n多少次我们无醉不欢\r\n咒骂人生太短 唏嘘相见恨晚\r\n让女人把妆哭花了 也不管\r\n遗憾我们从未成熟\r\n还没能晓得 就已经老了\r\n尽力却仍不明白\r\n身边的年轻人\r\n给自己随便找个理由\r\n向情爱的挑逗 命运的左右\r\n不自量力地还手 直至死方休\r\n越过山丘 虽然已白了头\r\n喋喋不休 时不我予的哀愁\r\n还未如愿见着不朽\r\n就把自己先搞丢\r\n越过山丘 才发现无人等候\r\n喋喋不休 再也唤不回了温柔\r\n为何记不得上一次是谁给的拥抱\r\n在什么时候\r\n越过山丘 虽然已白了头\r\n喋喋不休 时不我予的哀愁\r\n还未如愿见着不朽\r\n就把自己先搞丢\r\n越过山丘 才发现无人等候\r\n喋喋不休 再也唤不回了温柔\r\n为何记不得上一次是谁给的拥抱\r\n在什么时候\r\n喋喋不休 时不我予的哀愁\r\n向情爱的挑逗 命运的左右\r\n不自量力地还手 直至死方休\r\n为何记不得上一次是谁给的拥抱\r\n在什么时候', '/resources/images/zjh/example2.jpg', '0', null);
INSERT INTO `goods` VALUES ('163', '山丘50', '700767f06c624c1e', '000000000082', '00000000051', '00000000118', null, '000000000000', '000000000025', '000000000090', '1561', '8', '5', null, '2017-05-18 20:37:33', null, '想说却还没说的 还很多\r\n攒着是因为想写成歌\r\n让人轻轻地唱着 淡淡地记着\r\n就算终于忘了 也值了\r\n说不定我一生涓滴意念\r\n侥幸汇成河\r\n然后我俩各自一端\r\n望着大河弯弯 终于敢放胆\r\n嘻皮笑脸 面对 人生的难\r\n也许我们从未成熟\r\n还没能晓得 就快要老了\r\n尽管心里活着的还是那个\r\n年轻人\r\n因为不安而频频回首\r\n无知地索求 羞耻于求救\r\n不知疲倦地翻越 每一个山丘\r\n越过山丘 虽然已白了头\r\n喋喋不休 时不我予的哀愁\r\n还未如愿见着不朽\r\n就把自己先搞丢\r\n越过山丘 才发现无人等候\r\n喋喋不休 再也唤不回温柔\r\n为何记不得上一次是谁给的拥抱\r\n在什么时候\r\n我没有刻意隐藏 也无意让你感伤\r\n多少次我们无醉不欢\r\n咒骂人生太短 唏嘘相见恨晚\r\n让女人把妆哭花了 也不管\r\n遗憾我们从未成熟\r\n还没能晓得 就已经老了\r\n尽力却仍不明白\r\n身边的年轻人\r\n给自己随便找个理由\r\n向情爱的挑逗 命运的左右\r\n不自量力地还手 直至死方休\r\n越过山丘 虽然已白了头\r\n喋喋不休 时不我予的哀愁\r\n还未如愿见着不朽\r\n就把自己先搞丢\r\n越过山丘 才发现无人等候\r\n喋喋不休 再也唤不回了温柔\r\n为何记不得上一次是谁给的拥抱\r\n在什么时候\r\n越过山丘 虽然已白了头\r\n喋喋不休 时不我予的哀愁\r\n还未如愿见着不朽\r\n就把自己先搞丢\r\n越过山丘 才发现无人等候\r\n喋喋不休 再也唤不回了温柔\r\n为何记不得上一次是谁给的拥抱\r\n在什么时候\r\n喋喋不休 时不我予的哀愁\r\n向情爱的挑逗 命运的左右\r\n不自量力地还手 直至死方休\r\n为何记不得上一次是谁给的拥抱\r\n在什么时候', '/resources/images/zjh/example20.jpg', '0', null);

-- ----------------------------
-- Table structure for `shoppingcart`
-- ----------------------------
DROP TABLE IF EXISTS `shoppingcart`;
CREATE TABLE `shoppingcart` (
  `id` bigint(20) NOT NULL AUTO_INCREMENT,
  `userId` bigint(20) NOT NULL,
  `goodsId` bigint(20) NOT NULL,
  `goodsNumber` int(11) NOT NULL,
  PRIMARY KEY (`id`)
) ENGINE=InnoDB AUTO_INCREMENT=17 DEFAULT CHARSET=utf8;

-- ----------------------------
-- Records of shoppingcart
-- ----------------------------
INSERT INTO `shoppingcart` VALUES ('4', '1', '28', '5');
INSERT INTO `shoppingcart` VALUES ('11', '1', '138', '4');
INSERT INTO `shoppingcart` VALUES ('12', '1', '151', '2');
INSERT INTO `shoppingcart` VALUES ('15', '1', '125', '23');
INSERT INTO `shoppingcart` VALUES ('16', '1', '55', '1');

-- ----------------------------
-- Table structure for `stand`
-- ----------------------------
DROP TABLE IF EXISTS `stand`;
CREATE TABLE `stand` (
  `id` bigint(20) NOT NULL AUTO_INCREMENT,
  `goods_id` bigint(20) DEFAULT NULL,
  `mid_user_price` double DEFAULT NULL,
  `market_price` double DEFAULT NULL,
  `real_price` double DEFAULT NULL,
  `on_market_time` datetime DEFAULT '2017-01-01 00:00:00',
  `off_market_time` datetime DEFAULT '2017-01-01 00:00:00',
  `pre_sale_count` int(11) DEFAULT '0',
  PRIMARY KEY (`id`)
) ENGINE=InnoDB AUTO_INCREMENT=73 DEFAULT CHARSET=utf8;

-- ----------------------------
-- Records of stand
-- ----------------------------
INSERT INTO `stand` VALUES ('10', '28', '909', '9', '90', '2017-05-24 16:05:36', '2018-01-01 00:00:00', '909');
INSERT INTO `stand` VALUES ('11', '55', '1', '1', '45', '2017-05-24 16:05:36', '2018-01-01 00:00:00', '1');
INSERT INTO `stand` VALUES ('12', '56', '0', '0', '70', '2017-05-24 16:05:36', '2018-01-01 00:00:00', '0');
INSERT INTO `stand` VALUES ('13', '57', '0', '0', '4', '2017-05-24 16:05:36', '2018-01-01 00:00:00', '0');
INSERT INTO `stand` VALUES ('14', '59', '0', '0', '66', '2017-05-24 16:05:36', '2018-01-01 00:00:00', '0');
INSERT INTO `stand` VALUES ('15', '60', '0', '0', '13', '2017-05-24 16:05:36', '2018-01-01 00:00:00', '0');
INSERT INTO `stand` VALUES ('16', '61', '0', '0', '6', '2017-05-24 16:05:36', '2018-01-01 00:00:00', '0');
INSERT INTO `stand` VALUES ('17', '62', '0', '0', '75', '2017-05-24 16:05:36', '2018-01-01 00:00:00', '0');
INSERT INTO `stand` VALUES ('18', '63', '0', '0', '3000', '2017-05-24 16:05:36', '2018-01-01 00:00:00', '0');
INSERT INTO `stand` VALUES ('19', '114', '0', '33', '97', '2017-05-24 16:05:36', '2018-01-01 00:00:00', '30');
INSERT INTO `stand` VALUES ('20', '115', '0', '14', '2', '2017-05-24 16:05:36', '2018-01-01 00:00:00', '72');
INSERT INTO `stand` VALUES ('21', '116', '0', '96', '27', '2017-05-24 16:05:36', '2018-01-01 00:00:00', '105');
INSERT INTO `stand` VALUES ('22', '117', '0', '19', '47', '2017-05-24 16:05:36', '2018-01-01 00:00:00', '83');
INSERT INTO `stand` VALUES ('23', '118', '0', '42', '37', '2017-05-24 16:05:36', '2018-01-01 00:00:00', '13');
INSERT INTO `stand` VALUES ('24', '119', '0', '27', '4', '2017-05-24 16:05:36', '2018-01-01 00:00:00', '55');
INSERT INTO `stand` VALUES ('25', '120', '0', '20', '78', '2017-05-24 16:05:36', '2018-01-01 00:00:00', '52');
INSERT INTO `stand` VALUES ('26', '121', '0', '87', '82', '2017-05-24 16:05:36', '2018-01-01 00:00:00', '139');
INSERT INTO `stand` VALUES ('27', '122', '0', '70', '99', '2017-05-24 16:05:36', '2018-01-01 00:00:00', '91');
INSERT INTO `stand` VALUES ('28', '123', '0', '95', '45', '2017-05-24 16:05:36', '2018-01-01 00:00:00', '114');
INSERT INTO `stand` VALUES ('29', '124', '0', '92', '71', '2017-05-24 16:05:36', '2018-01-01 00:00:00', '41');
INSERT INTO `stand` VALUES ('30', '125', '0', '28', '17', '2017-05-24 16:05:36', '2018-01-01 00:00:00', '55');
INSERT INTO `stand` VALUES ('31', '126', '0', '2', '41', '2017-05-24 16:05:36', '2018-01-01 00:00:00', '24');
INSERT INTO `stand` VALUES ('32', '127', '0', '75', '58', '2017-05-24 16:05:36', '2018-01-01 00:00:00', '1');
INSERT INTO `stand` VALUES ('33', '128', '0', '49', '86', '2017-05-24 16:05:36', '2018-01-01 00:00:00', '1');
INSERT INTO `stand` VALUES ('34', '129', '0', '7', '24', '2017-05-24 16:05:36', '2018-01-01 00:00:00', '190');
INSERT INTO `stand` VALUES ('35', '130', '0', '28', '79', '2017-05-24 16:05:36', '2018-01-01 00:00:00', '26');
INSERT INTO `stand` VALUES ('36', '131', '0', '99', '53', '2017-05-24 16:05:36', '2018-01-01 00:00:00', '90');
INSERT INTO `stand` VALUES ('37', '132', '0', '51', '55', '2017-05-24 16:05:36', '2018-01-01 00:00:00', '179');
INSERT INTO `stand` VALUES ('38', '133', '0', '65', '12', '2017-05-24 16:05:36', '2018-01-01 00:00:00', '120');
INSERT INTO `stand` VALUES ('39', '134', '0', '6', '55', '2017-05-24 16:05:36', '2018-01-01 00:00:00', '51');
INSERT INTO `stand` VALUES ('40', '135', '0', '19', '73', '2017-05-24 16:05:36', '2018-01-01 00:00:00', '126');
INSERT INTO `stand` VALUES ('41', '136', '0', '20', '10', '2017-05-24 16:05:36', '2018-01-01 00:00:00', '126');
INSERT INTO `stand` VALUES ('42', '137', '0', '73', '6', '2017-05-24 16:05:36', '2018-01-01 00:00:00', '12');
INSERT INTO `stand` VALUES ('43', '138', '0', '59', '12', '2017-05-24 16:05:36', '2018-01-01 00:00:00', '120');
INSERT INTO `stand` VALUES ('44', '139', '0', '22', '46', '2017-05-24 16:05:36', '2018-01-01 00:00:00', '52');
INSERT INTO `stand` VALUES ('45', '140', '0', '88', '61', '2017-05-24 16:05:36', '2018-01-01 00:00:00', '66');
INSERT INTO `stand` VALUES ('46', '141', '0', '12', '6', '2017-05-24 16:05:36', '2018-01-01 00:00:00', '186');
INSERT INTO `stand` VALUES ('47', '142', '0', '59', '59', '2017-05-24 16:05:36', '2018-01-01 00:00:00', '51');
INSERT INTO `stand` VALUES ('48', '143', '0', '24', '93', '2017-05-24 16:05:36', '2018-01-01 00:00:00', '84');
INSERT INTO `stand` VALUES ('49', '144', '0', '4', '74', '2017-05-24 16:05:36', '2018-01-01 00:00:00', '158');
INSERT INTO `stand` VALUES ('50', '145', '0', '88', '51', '2017-05-24 16:05:36', '2018-01-01 00:00:00', '161');
INSERT INTO `stand` VALUES ('51', '146', '0', '64', '21', '2017-05-24 16:05:36', '2018-01-01 00:00:00', '137');
INSERT INTO `stand` VALUES ('52', '147', '0', '72', '15', '2017-05-24 16:05:36', '2018-01-01 00:00:00', '196');
INSERT INTO `stand` VALUES ('53', '148', '0', '12', '66', '2017-05-24 16:05:36', '2018-01-01 00:00:00', '162');
INSERT INTO `stand` VALUES ('54', '149', '0', '33', '81', '2017-05-24 16:05:36', '2018-01-01 00:00:00', '113');
INSERT INTO `stand` VALUES ('55', '150', '0', '28', '93', '2017-05-24 16:05:36', '2018-01-01 00:00:00', '115');
INSERT INTO `stand` VALUES ('56', '151', '0', '9', '65', '2017-05-24 16:05:36', '2018-01-01 00:00:00', '37');
INSERT INTO `stand` VALUES ('57', '152', '0', '89', '64', '2017-05-24 16:05:36', '2018-01-01 00:00:00', '166');
INSERT INTO `stand` VALUES ('58', '153', '0', '59', '43', '2017-05-24 16:05:36', '2018-01-01 00:00:00', '33');
INSERT INTO `stand` VALUES ('59', '154', '0', '91', '57', '2017-05-24 16:05:36', '2018-01-01 00:00:00', '152');
INSERT INTO `stand` VALUES ('60', '155', '0', '93', '86', '2017-05-24 16:05:36', '2018-01-01 00:00:00', '110');
INSERT INTO `stand` VALUES ('61', '156', '0', '5', '65', '2017-05-24 16:05:36', '2018-01-01 00:00:00', '80');
INSERT INTO `stand` VALUES ('62', '157', '0', '65', '20', '2017-05-24 16:05:36', '2018-01-01 00:00:00', '64');
INSERT INTO `stand` VALUES ('63', '158', '0', '9', '17', '2017-05-24 16:05:36', '2018-01-01 00:00:00', '151');
INSERT INTO `stand` VALUES ('64', '159', '0', '68', '77', '2017-05-24 16:05:36', '2018-01-01 00:00:00', '78');
INSERT INTO `stand` VALUES ('65', '160', '0', '45', '2', '2017-05-24 16:05:36', '2018-01-01 00:00:00', '57');
INSERT INTO `stand` VALUES ('66', '161', '0', '7', '62', '2017-05-24 16:05:36', '2018-01-01 00:00:00', '143');
INSERT INTO `stand` VALUES ('67', '162', '0', '7', '71', '2017-05-24 16:05:36', '2018-01-01 00:00:00', '153');
INSERT INTO `stand` VALUES ('68', '163', '0', '25', '90', '2017-05-24 16:05:36', '2018-01-01 00:00:00', '118');

-- ----------------------------
-- Table structure for `user`
-- ----------------------------
DROP TABLE IF EXISTS `user`;
CREATE TABLE `user` (
  `username` varchar(10) DEFAULT NULL,
  `password` varchar(10) DEFAULT NULL,
  `sex` varchar(10) DEFAULT NULL,
  `address` varchar(10) DEFAULT NULL,
  `enabled` int(2) DEFAULT NULL,
  `id` varchar(11) NOT NULL DEFAULT '0',
  PRIMARY KEY (`id`)
) ENGINE=InnoDB DEFAULT CHARSET=utf8;

-- ----------------------------
-- Records of user
-- ----------------------------
INSERT INTO `user` VALUES ('2', '7', '34', '5', '6', '3');
